code,trade_date,name,open,high,low,close,pre_close,change,pct_chg,vol,amount,turnover_rate
00001,20260909,长和,69.500,70.350,69.200,70.350,69.350,+1.000,+1.44,5609920,392325440,
00002,20260909,中电控股,77.250,79.050,77.250,79.050,77.250,+1.800,+2.33,4374200,343338140,
00003,20260909,香港中华煤气,7.280,7.345,7.270,7.330,7.300,+0.030,+0.41,19637763,143517480,
00004,20260909,九龙仓集团,19.020,19.290,18.800,19.110,19.020,+0.090,+0.47,2348056,44736247,
00005,20260909,汇丰控股,166.500,166.700,165.500,166.000,164.900,+1.100,+0.67,6256877,1039178590,
00006,20260909,电能实业,59.950,61.150,59.950,61.150,59.870,+1.280,+2.14,3682603,223282860,
00008,20260909,电讯盈科,5.390,5.480,5.385,5.480,5.380,+0.100,+1.86,12287323,66901927,
00010,20260909,恒隆集团,12.550,12.550,12.460,12.480,12.560,-0.080,-0.64,266000,3321620,
00012,20260909,恒基地产,26.660,26.960,26.400,26.480,26.660,-0.180,-0.68,6645136,176200240,
00013,20260909,和黄医药,22.100,22.180,21.700,21.780,22.100,-0.320,-1.45,3900588,85255281,
00014,20260909,希慎兴业,16.300,16.330,16.040,16.130,16.330,-0.200,-1.22,517000,8350955,
00016,20260909,新鸿基地产,118.700,119.300,116.800,118.300,119.800,-1.500,-1.25,5684653,669966190,
00017,20260909,新世界发展,6.505,6.505,6.160,6.190,6.500,-0.310,-4.77,9469690,58972732,
00018,20260909,东方传媒集团,0.207,0.221,0.207,0.211,0.217,-0.006,-2.76,62000,13200,
00019,20260909,太古股份公司A,106.200,107.900,104.900,107.100,106.200,+0.900,+0.85,1613415,171656590,
00020,20260909,商汤-W,1.360,1.365,1.330,1.330,1.365,-0.035,-2.56,348935060,466943600,
00021,20260909,大中华控股,0.077,0.078,0.073,0.077,0.077,+0.000,+0.00,1060000,79010,
00022,20260909,茂盛控股,1.770,1.860,1.770,1.770,1.750,+0.020,+1.14,40400,71730,
00023,20260909,东亚银行,18.220,18.360,18.070,18.170,18.350,-0.180,-0.98,2080175,37851478,
00025,20260909,其士国际,,,,4.780,4.780,+0.000,+0.00,,,
00026,20260909,中华汽车,,,,58.800,58.950,-0.150,-0.25,,,
00027,20260909,银河娱乐,33.560,33.680,33.020,33.220,33.720,-0.500,-1.48,11805140,394337320,
00028,20260909,天安,3.350,3.370,3.285,3.350,3.260,+0.090,+2.76,124125,414952,
00029,20260909,达力集团,9.205,9.500,9.205,9.385,9.305,+0.080,+0.86,48000,452270,
00030,20260909,云白国际,0.244,0.244,0.238,0.240,0.244,-0.004,-1.64,246000,59344,
00031,20260909,航天控股,0.480,0.485,0.475,0.480,0.485,-0.005,-1.03,604990,290325,
00032,20260909,港通控股,7.450,7.500,7.450,7.470,7.510,-0.040,-0.53,60760,454826,
00033,20260909,INTL GENIUS,,,,0.400,0.400,+0.000,+0.00,,,
00034,20260909,九龙建业,4.350,4.400,4.335,4.350,4.380,-0.030,-0.68,193000,845655,
00035,20260909,远东发展,0.675,0.685,0.660,0.685,0.675,+0.010,+1.48,524000,350445,
00036,20260909,远东控股国际,,,,0.275,0.275,+0.000,+0.00,,,
00037,20260909,远东酒店实业,0.485,0.490,0.480,0.490,0.490,+0.000,+0.00,104000,50110,
00038,20260909,第一拖拉机股份,9.775,9.930,9.630,9.890,9.715,+0.175,+1.80,2562000,25231162,
00039,20260909,中国北大荒,,,,0.045,0.045,+0.000,+0.00,,,
00040,20260909,金山科技工业,0.680,0.680,0.670,0.680,0.678,+0.002,+0.29,35000,23790,
00041,20260909,鹰君,15.100,15.230,15.080,15.180,15.130,+0.050,+0.33,186493,2829159,
00042,20260909,东北电气,0.217,0.217,0.217,0.221,0.228,-0.007,-3.07,10000,2170,
00045,20260909,大酒店,5.650,5.650,5.455,5.540,5.585,-0.045,-0.81,313000,1727178,
00046,20260909,科联系统,1.225,1.240,1.225,1.240,1.260,-0.020,-1.59,38000,46860,
00048,20260909,中国汽车内饰,,,,0.380,0.380,+0.000,+0.00,,,
00050,20260909,香港小轮(集团),4.935,4.950,4.895,4.950,4.850,+0.100,+2.06,166000,816265,
00051,20260909,海港企业,,,,4.400,4.400,+0.000,+0.00,,,
00052,20260909,大快活集团,4.700,4.700,4.585,4.565,4.570,-0.005,-0.11,78000,361648,
00053,20260909,国浩集团,72.100,72.100,71.700,72.000,71.600,+0.400,+0.56,7000,503650,
00055,20260909,中星集团控股,0.157,0.157,0.157,0.157,0.148,+0.009,+6.08,50000,7850,
00057,20260909,震雄集团,1.500,1.500,1.500,1.500,1.500,+0.000,+0.00,18000,27000,
00058,20260909,新威国际,0.221,0.240,0.221,0.240,0.237,+0.003,+1.27,160000,36100,
00059,20260909,天誉置业,,,,0.010,0.010,+0.000,+0.00,,,
00060,20260909,香港食品投资,,,,0.580,0.580,+0.000,+0.00,,,
00061,20260909,绿领控股,,,,0.182,0.182,+0.000,+0.00,,,
00062,20260909,载通,8.950,8.995,8.920,8.925,8.950,-0.025,-0.28,89600,802024,
00063,20260909,中亚烯谷集团,0.038,0.038,0.038,0.038,0.039,-0.001,-2.56,211000,8018,
00064,20260909,结好控股,3.810,3.815,3.805,3.810,3.810,+0.000,+0.00,182000,693450,
00065,20260909,弘海高新资源,0.270,0.290,0.270,0.270,0.270,+0.000,+0.00,104000,28880,
00066,20260909,港铁公司,32.800,33.120,32.800,33.100,32.960,+0.140,+0.42,3769180,124561160,
00068,20260909,群核科技,12.530,12.730,11.020,11.200,12.310,-1.110,-9.02,13147100,154078050,
00069,20260909,香格里拉(亚洲),4.100,4.100,4.020,4.020,4.085,-0.065,-1.59,540000,2186530,
00070,20260909,金粤控股,,,,0.068,0.068,+0.000,+0.00,,,
00071,20260909,美丽华酒店,10.110,10.170,10.080,10.170,10.110,+0.060,+0.59,100000,1012560,
00072,20260909,超媒体控股,0.215,0.221,0.215,0.221,0.215,+0.006,+2.79,132000,29064,
00073,20260909,亚洲果业,,,,2.000,2.000,+0.000,+0.00,,,
00075,20260909,渝太地产,0.130,0.130,0.130,0.130,0.135,-0.005,-3.70,27467,3536,
00076,20260909,谊砾控股,,,,0.163,0.163,+0.000,+0.00,5,1,
00077,20260909,进智公共交通,0.480,0.480,0.480,0.480,0.480,+0.000,+0.00,20000,9600,
00078,20260909,富豪酒店,0.440,0.475,0.440,0.450,0.445,+0.005,+1.12,212400,97968,
00079,20260909,世纪建业,,,,0.102,0.100,+0.002,+2.00,120000,14260,
00080,20260909,CAI控股,0.260,0.265,0.260,0.260,0.270,-0.010,-3.70,310000,80750,
00081,20260909,中国海外宏洋集团,2.870,2.930,2.835,2.915,2.915,+0.000,+0.00,4172000,12022425,
00082,20260909,疯狂体育,0.073,0.074,0.072,0.074,0.074,+0.000,+0.00,485600,35321,
00083,20260909,信和置业,10.440,10.470,10.300,10.460,10.470,-0.010,-0.10,18175995,188923400,
00084,20260909,宝光实业,0.068,0.068,0.068,0.068,0.068,+0.000,+0.00,461000,31348,
00085,20260909,中电华大科技,0.780,0.825,0.780,0.825,0.780,+0.045,+5.77,638000,518110,
00086,20260909,新鸿基公司,4.030,4.030,3.990,4.020,4.020,+0.000,+0.00,96000,384410,
00087,20260909,太古股份公司B,15.080,15.600,15.080,15.580,15.250,+0.330,+2.16,861536,13298910,
00088,20260909,大昌集团,3.260,3.245,3.225,3.240,3.260,-0.020,-0.61,140000,452810,
00089,20260909,大生地产,,,,1.890,1.890,+0.000,+0.00,,,
00090,20260909,普星能量,,,,0.920,0.920,+0.000,+0.00,,,
00092,20260909,冠军科技集团,0.188,0.188,0.187,0.188,0.189,-0.001,-0.53,804000,150516,
00093,20260909,零在科技金融,0.360,0.380,0.320,0.355,0.340,+0.015,+4.41,50000,17530,
00094,20260909,绿心集团,0.048,0.049,0.048,0.048,0.049,-0.001,-2.04,400000,19280,
00095,20260909,绿景中国地产,0.202,0.202,0.191,0.191,0.201,-0.010,-4.98,846000,164120,
00096,20260909,友成控股,,,,0.520,0.520,+0.000,+0.00,,,
00097,20260909,恒基发展,0.138,0.141,0.125,0.136,0.138,-0.002,-1.45,884999,114712,
00098,20260909,兴发铝业,5.560,5.560,5.550,5.550,5.625,-0.075,-1.33,6000,33350,
00099,20260909,王氏国际,,,,1.225,1.225,+0.000,+0.00,,,
00100,20260909,MINIMAX-W,334.800,349.400,320.400,320.800,331.200,-10.400,-3.14,14052362,4684979000,
00101,20260909,恒隆地产,7.060,7.070,7.005,7.005,7.065,-0.060,-0.85,5303017,37222234,
00103,20260909,首佳科技,2.010,2.100,2.005,2.090,2.075,+0.015,+0.72,141000,288845,
00104,20260909,冠亚商业,,,,0.225,0.225,+0.000,+0.00,,,
00105,20260909,凯联国际酒店,5.200,5.200,5.200,5.200,5.200,+0.000,+0.00,2000,10400,
00106,20260909,朗诗绿色管理,,,,0.019,0.019,+0.000,+0.00,,,
00107,20260909,四川成渝高速公路,4.800,4.915,4.800,4.885,4.870,+0.015,+0.31,692000,3388250,
00108,20260909,春雨医疗,2.020,2.325,2.020,2.260,2.015,+0.245,+12.16,2642000,5867330,
00110,20260909,中国长远,0.620,0.685,0.620,0.685,0.620,+0.065,+10.48,24000,15660,
00111,20260909,信达国际控股,0.685,0.720,0.685,0.690,0.720,-0.030,-4.17,536000,379390,
00113,20260909,迪生创建,6.030,6.030,5.950,5.960,6.115,-0.155,-2.53,71000,424660,
00114,20260909,兴利集团,0.660,0.660,0.660,0.660,0.660,+0.000,+0.00,15000,9900,
00115,20260909,钧濠集团,,,,4.150,4.150,+0.000,+0.00,1658,6317,
00116,20260909,周生生,14.030,14.030,13.600,13.750,14.110,-0.360,-2.55,909000,12485150,
00117,20260909,天利控股集团,2.500,2.740,2.500,2.700,2.495,+0.205,+8.22,3420000,9052630,
00118,20260909,大同机械,0.199,0.203,0.193,0.200,0.199,+0.001,+0.50,850000,165464,
00119,20260909,保利置业集团,1.295,1.300,1.260,1.260,1.290,-0.030,-2.33,14336000,18173230,
00120,20260909,四海国际,0.050,0.054,0.050,0.054,0.050,+0.004,+8.00,92400,4703,
00122,20260909,鳄鱼恤,1.400,1.400,1.400,1.400,1.400,+0.000,+0.00,2125,2971,
00123,20260909,越秀地产,3.310,3.310,3.225,3.235,3.315,-0.080,-2.41,3799560,12351801,
00124,20260909,粤海置地,0.190,0.202,0.190,0.192,0.191,+0.001,+0.52,631387,123328,
00125,20260909,新兴光学,,,,0.295,0.295,+0.000,+0.00,,,
00126,20260909,佳宁娜,0.087,0.088,0.081,0.088,0.090,-0.002,-2.22,1488000,126060,
00127,20260909,华人置业,1.050,1.050,1.045,1.055,1.070,-0.015,-1.40,94500,99085,
00128,20260909,安宁控股,0.505,0.505,0.500,0.505,0.505,+0.000,+0.00,112000,56540,
00129,20260909,泛海集团,,,,0.178,0.178,+0.000,+0.00,,,
00130,20260909,慕诗国际,,,,0.180,0.180,+0.000,+0.00,,,
00131,20260909,卓能(集团),1.330,1.330,1.330,1.330,1.330,+0.000,+0.00,6000,7980,
00132,20260909,兴业控股,0.150,0.159,0.150,0.155,0.160,-0.005,-3.13,181000,27559,
00133,20260909,招商局中国基金,25.400,26.000,25.400,25.760,25.500,+0.260,+1.02,310375,7980336,
00135,20260909,昆仑能源,7.675,7.675,7.545,7.645,7.675,-0.030,-0.39,10985491,83653192,
00136,20260909,中国儒意,1.475,1.475,1.420,1.435,1.470,-0.035,-2.38,115497100,165854660,
00137,20260909,金辉集团,0.680,0.680,0.660,0.660,0.660,+0.000,+0.00,6000,4060,
00138,20260909,中建富通,,,,0.300,0.300,+0.000,+0.00,,,
00139,20260909,小鱼盈通,0.108,0.108,0.104,0.105,0.108,-0.003,-2.78,3218401,341630,
00142,20260909,第一太平,5.030,5.050,5.000,5.010,5.020,-0.010,-0.20,3722000,18662742,
00144,20260909,招商局港口,16.440,16.580,16.260,16.530,16.570,-0.040,-0.24,3367326,55475153,
00145,20260909,信能低碳,0.240,0.249,0.236,0.239,0.246,-0.007,-2.85,728800,174816,
00146,20260909,太平地毡,1.580,1.580,1.580,1.580,1.585,-0.005,-0.32,4000,6320,
00147,20260909,国际商业结算,0.195,0.209,0.184,0.193,0.195,-0.002,-1.03,57905000,11314865,
00148,20260909,建滔集团,52.000,53.100,51.650,53.050,50.950,+2.100,+4.12,17323160,909576450,
00149,20260909,中国农产品交易,0.068,0.068,0.068,0.068,0.068,+0.000,+0.00,305000,20740,
00150,20260909,HYPEBEAST,0.157,0.160,0.153,0.159,0.160,-0.001,-0.63,114800,17828,
00151,20260909,中国旺旺,2.990,3.010,2.880,2.895,2.980,-0.085,-2.85,22229420,64630530,
00152,20260909,深圳国际,5.465,5.505,5.355,5.460,5.445,+0.015,+0.28,7277289,39645610,
00154,20260909,北京控股环境集团,0.430,0.450,0.430,0.450,0.445,+0.005,+1.12,273000,121105,
00156,20260909,力宝华润,0.995,0.995,0.990,0.990,0.995,-0.005,-0.50,97995,96985,
00157,20260909,自然美,,,,0.455,0.455,+0.000,+0.00,,,
00158,20260909,万邦投资,,,,59.000,59.000,+0.000,+0.00,,,
00159,20260909,布莱克万矿业,0.060,0.060,0.048,0.049,0.057,-0.008,-14.04,400000,20872,
00160,20260909,汉国置业,0.660,0.670,0.650,0.670,0.665,+0.005,+0.75,198000,131585,
00162,20260909,世纪金花,0.048,0.048,0.038,0.038,0.040,-0.002,-5.00,18000,844,
00163,20260909,英皇国际,0.121,0.121,0.120,0.121,0.121,+0.000,+0.00,220000,26430,
00164,20260909,中国宝力科技,0.465,0.465,0.465,0.465,0.460,+0.005,+1.09,25000,11625,
00165,20260909,中国光大控股,6.440,6.445,6.315,6.325,6.440,-0.115,-1.79,4014538,25526258,
00166,20260909,新时代集团控股,0.033,0.033,0.033,0.033,0.033,+0.000,+0.00,100000,3300,
00167,20260909,万威国际,5.300,5.595,5.300,5.315,5.300,+0.015,+0.28,79033,423454,
00168,20260909,青岛啤酒股份,41.460,41.460,40.320,40.440,41.460,-1.020,-2.46,4216884,171071960,
00169,20260909,万达酒店发展,0.091,0.091,0.088,0.089,0.091,-0.002,-2.20,358000,31774,
00171,20260909,银建国际,,,,0.058,0.058,+0.000,+0.00,,,
00173,20260909,嘉华国际,2.050,2.075,2.045,2.050,2.050,+0.000,+0.00,229000,469745,
00174,20260909,盛洋投资,,,,0.172,0.172,+0.000,+0.00,,,
00175,20260909,吉利汽车,16.920,16.980,16.520,16.600,16.920,-0.320,-1.89,35267185,589122250,
00176,20260909,先机企业集团,,,,0.013,0.013,+0.000,+0.00,,,
00177,20260909,江苏宁沪高速公路,9.965,10.100,9.950,10.100,9.965,+0.135,+1.35,3163802,31821816,
00178,20260909,莎莎国际,1.010,1.025,1.000,1.010,1.010,+0.000,+0.00,2886000,2930490,
00179,20260909,德昌电机控股,18.800,19.940,18.580,19.560,18.580,+0.980,+5.27,6265477,122540474,
00180,20260909,开达集团,0.180,0.180,0.176,0.195,0.196,-0.001,-0.51,100000,17688,
00181,20260909,闽港控股,0.077,0.077,0.077,0.080,0.085,-0.005,-5.88,500000,38500,
00182,20260909,协合新能源,0.330,0.360,0.325,0.355,0.330,+0.025,+7.58,19610000,6681350,
00183,20260909,宏辉集团,,,,0.145,0.145,+0.000,+0.00,,,
00184,20260909,激成投资,,,,2.400,2.400,+0.000,+0.00,,,
00185,20260909,正商实业,,,,0.079,0.079,+0.000,+0.00,,,
00186,20260909,敏捷控股,,,,0.370,0.370,+0.000,+0.00,,,
00187,20260909,京城机电股份,2.840,2.850,2.810,2.830,2.855,-0.025,-0.88,428000,1209450,
00188,20260909,新华汇富金融,,,,0.229,0.229,+0.000,+0.00,,,
00189,20260909,东岳集团,13.150,13.380,12.980,13.110,13.210,-0.100,-0.76,15145000,199305200,
00191,20260909,丽新国际,0.485,0.485,0.485,0.485,0.500,-0.015,-3.00,85000,41405,
00193,20260909,冠中地产,,,,0.195,0.195,+0.000,+0.00,7,1,
00194,20260909,廖创兴企业,4.245,4.245,4.245,4.245,4.235,+0.010,+0.24,2000,8490,
00196,20260909,宏华集团,0.106,0.106,0.101,0.102,0.106,-0.004,-3.77,823000,84170,
00197,20260909,亨泰,0.480,0.495,0.465,0.490,0.480,+0.010,+2.08,230750,108726,
00199,20260909,德祥地产,2.395,2.395,2.300,2.340,2.375,-0.035,-1.47,1446814,3386425,
00200,20260909,新濠国际发展,3.295,3.305,3.195,3.215,3.305,-0.090,-2.72,2429000,7818180,
00201,20260909,华大酒店,,,,0.061,0.061,+0.000,+0.00,,,
00202,20260909,润中国际控股,0.052,0.052,0.046,0.050,0.051,-0.001,-1.96,280000,13885,
00204,20260909,资本界金控,,,,0.090,0.090,+0.000,+0.00,,,
00205,20260909,BFB HEALTH,0.540,0.595,0.540,0.545,0.590,-0.045,-7.63,220000,125650,
00206,20260909,华商能源,0.229,0.233,0.220,0.222,0.225,-0.003,-1.33,1214000,275271,
00209,20260909,万维智能科技,0.400,0.410,0.400,0.405,0.405,+0.000,+0.00,554000,223590,
00210,20260909,达芙妮国际,0.310,0.310,0.290,0.300,0.310,-0.010,-3.23,106000,31820,
00211,20260909,大凌集团,0.260,0.260,0.236,0.260,0.260,+0.000,+0.00,44300,11099,
00212,20260909,南洋集团,,,,28.600,28.600,+0.000,+0.00,,,
00213,20260909,乐声电子,,,,0.365,0.360,+0.005,+1.39,,,
00214,20260909,汇汉控股,0.219,0.219,0.219,0.219,0.219,+0.000,+0.00,4126,901,
00215,20260909,和记电讯香港,1.140,1.145,1.135,1.140,1.140,+0.000,+0.00,748000,854400,
00216,20260909,建业实业,,,,0.455,0.455,+0.000,+0.00,,,
00217,20260909,中国诚通发展集团,0.114,0.114,0.111,0.114,0.114,+0.000,+0.00,488000,54386,
00218,20260909,申万宏源香港,0.945,0.985,0.945,0.950,0.945,+0.005,+0.53,345000,332625,
00219,20260909,顺豪物业,,,,0.695,0.695,+0.000,+0.00,,,
00220,20260909,统一企业中国,7.470,7.470,7.175,7.290,7.445,-0.155,-2.08,22575377,163816280,
00222,20260909,闽信集团,2.780,2.780,2.730,2.730,2.800,-0.070,-2.50,16000,44080,
00223,20260909,易生活控股,0.075,0.075,0.073,0.073,0.071,+0.002,+2.82,240000,17760,
00224,20260909,建生国际,,,,0.575,0.575,+0.000,+0.00,,,
00225,20260909,博富临置业,5.100,5.100,5.100,5.100,5.100,+0.000,+0.00,10000,51000,
00227,20260909,第一上海,0.150,0.151,0.150,0.151,0.154,-0.003,-1.95,280000,42168,
00228,20260909,中能控股,0.780,0.800,0.760,0.770,0.795,-0.025,-3.14,253000,195030,
00229,20260909,利民实业,0.815,0.835,0.775,0.835,0.825,+0.010,+1.21,260000,214625,
00232,20260909,大陆航空科技控股,0.475,0.475,0.470,0.475,0.475,+0.000,+0.00,26783710,12707260,
00234,20260909,新世纪集团,0.028,0.029,0.028,0.029,0.028,+0.001,+3.57,2544000,71520,
00235,20260909,中策资本控股,0.020,0.020,0.018,0.020,0.020,+0.000,+0.00,735000,13980,
00236,20260909,香港生力啤,,,,1.080,1.080,+0.000,+0.00,,,
00237,20260909,安全货仓,,,,2.030,2.010,+0.020,+1.00,,,
00239,20260909,白花油,2.405,2.480,2.405,2.480,2.500,-0.020,-0.80,107500,260088,
00240,20260909,利基控股,1.420,1.430,1.395,1.395,1.395,+0.000,+0.00,618000,868780,
00241,20260909,阿里健康,3.125,3.140,3.040,3.050,3.140,-0.090,-2.87,81959168,250859110,
00242,20260909,信德集团,0.505,0.515,0.500,0.500,0.505,-0.005,-0.99,1252000,634820,
00243,20260909,品质国际,0.475,0.475,0.475,0.475,0.445,+0.030,+6.74,9625,4538,
00244,20260909,先施,,,,0.320,0.320,+0.000,+0.00,,,
00245,20260909,中薇金融,0.990,0.995,0.980,0.980,0.995,-0.015,-1.51,3106500,3071625,
00247,20260909,尖沙咀置业,,,,19.350,19.350,+0.000,+0.00,,,
00248,20260909,香港通讯国际控股,,,,0.212,0.212,+0.000,+0.00,,,
00251,20260909,爪哇控股,,,,1.220,1.220,+0.000,+0.00,,,
00252,20260909,华信地产财务,,,,1.620,1.620,+0.000,+0.00,,,
00253,20260909,顺豪控股,,,,0.620,0.620,+0.000,+0.00,,,
00254,20260909,国家联合资源,0.206,0.215,0.200,0.210,0.205,+0.005,+2.44,9440800,1956800,
00255,20260909,龙记集团,1.400,1.400,1.400,1.400,1.400,+0.000,+0.00,26000,36400,
00256,20260909,冠城钟表珠宝,0.095,0.101,0.092,0.100,0.095,+0.005,+5.26,4704000,458618,
00257,20260909,光大环境,5.075,5.075,5.020,5.070,5.050,+0.020,+0.40,4479182,22633946,
00258,20260909,汤臣集团,2.150,2.210,2.145,2.175,2.150,+0.025,+1.16,492000,1074160,
00259,20260909,亿都(国际控股),2.880,2.915,2.800,2.835,2.910,-0.075,-2.58,642000,1831690,
00261,20260909,GBA集团,0.255,0.265,0.255,0.255,0.260,-0.005,-1.92,352800,90511,
00262,20260909,迪臣发展国际,0.080,0.092,0.077,0.082,0.078,+0.004,+5.13,415000,34435,
00264,20260909,中联发展控股,1.895,1.980,1.840,1.950,1.885,+0.065,+3.45,5624000,10659680,
00265,20260909,港誉智慧城市服务,,,,1.220,1.220,+0.000,+0.00,,,
00266,20260909,天德地产,,,,1.920,1.920,+0.000,+0.00,,,
00267,20260909,中信股份,13.500,13.850,13.440,13.780,13.520,+0.260,+1.92,18618636,256033160,
00268,20260909,金蝶国际,8.250,8.250,7.765,7.855,8.150,-0.295,-3.62,44869117,353761480,
00269,20260909,中国资源交通,0.010,0.010,0.010,0.010,0.010,+0.000,+0.00,30000,300,
00270,20260909,粤海投资,8.955,9.030,8.925,8.960,8.915,+0.045,+0.50,10669882,95919186,
00271,20260909,亚证地产,,,,0.146,0.148,-0.002,-1.35,146,20,
00272,20260909,瑞安房地产,0.470,0.470,0.445,0.465,0.470,-0.005,-1.06,5835000,2663535,
00274,20260909,复兴亚洲,,,,0.490,0.490,+0.000,+0.00,,,
00276,20260909,蒙古能源,,,,0.540,0.540,+0.000,+0.00,350,175,
00277,20260909,太兴置业,,,,1.136,1.136,+0.000,+0.00,,,
00279,20260909,裕承科金,0.370,0.380,0.370,0.375,0.375,+0.000,+0.00,9456000,3522734,
00280,20260909,景福集团,0.620,0.625,0.620,0.625,0.620,+0.005,+0.81,656000,407230,
00285,20260909,比亚迪电子,25.440,25.700,24.740,24.900,25.520,-0.620,-2.43,9308802,233123520,
00286,20260909,爱帝宫,,,,1.310,1.310,+0.000,+0.00,,,
00287,20260909,永发置业,,,,4.355,4.355,+0.000,+0.00,,,
00288,20260909,万洲国际,7.425,7.425,7.075,7.100,7.425,-0.325,-4.38,105822710,755059170,
00289,20260909,永安国际,13.160,13.160,13.080,13.160,13.160,+0.000,+0.00,51000,670760,
00290,20260909,国富量子,1.670,1.690,1.640,1.680,1.670,+0.010,+0.60,14407500,24053625,
00291,20260909,华润啤酒,19.280,19.280,18.910,19.020,19.310,-0.290,-1.50,16893171,321172730,
00293,20260909,国泰航空,14.510,14.660,14.440,14.570,14.500,+0.070,+0.48,11396429,166077300,
00294,20260909,长江制衣,,,,0.975,0.975,+0.000,+0.00,,,
00295,20260909,江山控股,0.017,0.021,0.016,0.019,0.017,+0.002,+11.76,15188000,288318,
00296,20260909,英皇娱乐酒店,0.186,0.187,0.186,0.187,0.189,-0.002,-1.06,125000,23350,
00297,20260909,中化化肥,1.410,1.420,1.370,1.390,1.395,-0.005,-0.36,27631277,38406504,
00298,20260909,庄士中国,,,,0.094,0.094,+0.000,+0.00,,,
00299,20260909,宝新置地,,,,0.106,0.106,+0.000,+0.00,,,
00300,20260909,美的集团,97.300,98.650,97.200,98.650,98.350,+0.300,+0.31,5160614,504514690,
00301,20260909,三和精化,6.950,7.125,6.830,6.985,6.950,+0.035,+0.50,1150000,7980650,
00302,20260909,中手游,0.186,0.195,0.186,0.195,0.195,+0.000,+0.00,574000,107820,
00303,20260909,伟易达,50.100,50.400,49.980,50.400,50.200,+0.200,+0.40,511600,25670134,
00305,20260909,五菱汽车,0.370,0.380,0.370,0.370,0.380,-0.010,-2.63,1790000,667450,
00306,20260909,冠忠巴士集团,2.770,2.770,2.770,2.770,2.665,+0.105,+3.94,102000,282540,
00308,20260909,香港中旅,1.215,1.215,1.195,1.200,1.220,-0.020,-1.64,5076000,6100380,
00309,20260909,新华通讯频媒,0.930,0.930,0.930,0.930,0.930,+0.000,+0.00,20000,18600,
00310,20260909,嘉进投资国际,,,,0.112,0.112,+0.000,+0.00,,,
00311,20260909,联泰控股,,,,0.315,0.305,+0.010,+3.28,,,
00312,20260909,岁宝百货,0.044,0.046,0.044,0.046,0.047,-0.001,-2.13,114000,5024,
00313,20260909,裕田中国,0.065,0.065,0.065,0.065,0.061,+0.004,+6.56,25000,1625,
00314,20260909,思派健康,1.595,1.595,1.550,1.580,1.580,+0.000,+0.00,709600,1113275,
00315,20260909,数码通电讯,4.890,4.895,4.850,4.870,4.865,+0.005,+0.10,552500,2693553,
00316,20260909,东方海外国际,153.600,155.100,151.400,152.900,153.100,-0.200,-0.13,1307711,199734110,
00317,20260909,中船防务,14.000,14.990,13.700,14.800,13.930,+0.870,+6.25,11474460,166677420,
00318,20260909,黄河实业,,,,0.890,0.890,+0.000,+0.00,,,
00320,20260909,金宝通,0.450,0.450,0.450,0.450,0.450,+0.000,+0.00,200000,90000,
00321,20260909,德永佳集团,0.940,0.945,0.935,0.940,0.945,-0.005,-0.53,394000,371290,
00322,20260909,康师傅控股,12.420,12.660,11.850,12.060,12.420,-0.360,-2.90,25579444,306997750,
00323,20260909,马鞍山钢铁股份,1.765,1.810,1.765,1.795,1.770,+0.025,+1.41,4178000,7473446,
00325,20260909,布鲁可,71.950,71.950,69.150,70.750,71.950,-1.200,-1.67,822009,57912653,
00326,20260909,中国星集团,6.065,6.275,5.865,5.900,6.070,-0.170,-2.80,1876243,11409081,
00327,20260909,百富环球,4.055,4.070,3.990,3.995,4.055,-0.060,-1.48,791000,3193140,
00328,20260909,爱高集团,0.630,0.660,0.485,0.590,0.630,-0.040,-6.35,31548000,20384050,
00329,20260909,东建国际,0.145,0.153,0.140,0.140,0.144,-0.004,-2.78,508000,73288,
00330,20260909,思捷环球,0.510,0.510,0.510,0.510,0.510,+0.000,+0.00,20340,10364,
00331,20260909,丰盛生活服务,5.070,5.165,5.070,5.085,5.070,+0.015,+0.30,75000,384250,
00332,20260909,元亨燃气,,,,0.161,0.158,+0.003,+1.90,500,76,
00333,20260909,黛丽斯国际,0.187,0.187,0.181,0.181,0.186,-0.005,-2.69,124960,23221,
00334,20260909,华显光电,0.310,0.310,0.310,0.310,0.310,+0.000,+0.00,240000,74400,
00335,20260909,美建集团,0.665,0.665,0.665,0.665,0.665,+0.000,+0.00,16000,10710,
00336,20260909,华宝国际,3.165,3.235,3.110,3.235,3.170,+0.065,+2.05,1520000,4859125,
00337,20260909,绿地香港,0.128,0.128,0.121,0.125,0.128,-0.003,-2.34,197000,24527,
00338,20260909,上海石油化工股份,1.195,1.200,1.185,1.200,1.195,+0.005,+0.42,8813000,10499210,
00339,20260909,全球数字控股,0.685,0.685,0.675,0.675,0.690,-0.015,-2.17,80000,54600,
00340,20260909,潼关黄金,3.150,3.185,3.050,3.090,3.145,-0.055,-1.75,19675213,61144139,
00341,20260909,大家乐集团,5.325,5.395,5.325,5.390,5.320,+0.070,+1.32,354000,1895310,
00343,20260909,文化传信,0.104,0.105,0.104,0.104,0.106,-0.002,-1.89,1520000,158180,
00345,20260909,维他奶国际,6.420,6.455,6.400,6.410,6.420,-0.010,-0.16,281000,1803820,
00346,20260909,延长石油国际,0.240,0.265,0.240,0.260,0.238,+0.022,+9.24,256000,66181,
00347,20260909,鞍钢股份,1.170,1.180,1.150,1.170,1.175,-0.005,-0.43,3966000,4625857,
00348,20260909,中国智能健康,0.067,0.070,0.067,0.067,0.070,-0.003,-4.29,220000,15070,
00351,20260909,亚洲能源物流,0.340,0.340,0.340,0.340,0.340,+0.000,+0.00,114000,38600,
00352,20260909,富阳,,,,0.360,0.360,+0.000,+0.00,,,
00353,20260909,能源国际投资,,,,0.385,0.385,+0.000,+0.00,,,
00354,20260909,中国软件国际,3.815,3.860,3.760,3.835,3.815,+0.020,+0.52,19034000,72773450,
00355,20260909,世纪城市国际,0.074,0.075,0.074,0.074,0.074,+0.000,+0.00,472000,35388,
00356,20260909,鼎立资本,0.500,0.505,0.500,0.505,0.520,-0.015,-2.88,187000,94160,
00357,20260909,美兰空港,5.260,5.345,5.165,5.195,5.260,-0.065,-1.24,87000,459200,
00358,20260909,江西铜业股份,38.760,39.720,38.280,39.280,38.400,+0.880,+2.29,14995597,585116420,
00360,20260909,新焦点,0.044,0.049,0.043,0.044,0.045,-0.001,-2.22,14540000,651816,
00361,20260909,汉成发展控股,0.040,0.040,0.038,0.039,0.039,+0.000,+0.00,1780000,68860,
00362,20260909,中国天化工,,,,0.015,0.015,+0.000,+0.00,,,
00363,20260909,上海实业控股,13.950,13.960,13.840,13.900,13.920,-0.020,-0.14,216300,3007474,
00365,20260909,芯成科技,0.365,0.365,0.320,0.340,0.365,-0.025,-6.85,1214000,419660,
00366,20260909,陆氏集团(越南),,,,0.840,0.840,+0.000,+0.00,,,
00367,20260909,庄士机构国际,,,,0.243,0.243,+0.000,+0.00,,,
00368,20260909,德合集团,4.480,4.480,4.250,4.330,4.340,-0.010,-0.23,304000,1311700,
00369,20260909,永泰地产,,,,1.960,1.970,-0.010,-0.51,,,
00370,20260909,港仔机器人,0.305,0.305,0.285,0.295,0.300,-0.005,-1.67,11118000,3273030,
00371,20260909,北控水务集团,1.700,1.700,1.675,1.695,1.700,-0.005,-0.29,19425000,32781594,
00372,20260909,保德国际发展,0.130,0.132,0.130,0.132,0.128,+0.004,+3.13,900000,118050,
00373,20260909,联合集团,2.225,2.225,2.170,2.180,2.200,-0.020,-0.91,48000,105930,
00374,20260909,四洲集团,,,,2.500,2.500,+0.000,+0.00,,,
00375,20260909,YGM贸易,,,,0.945,0.945,+0.000,+0.00,,,
00376,20260909,云锋金融,2.075,2.165,2.010,2.015,2.075,-0.060,-2.89,8528000,17540140,
00377,20260909,中国华君,4.265,4.265,4.265,4.200,4.490,-0.290,-6.46,4720,20131,
00379,20260909,恒嘉融资租赁,,,,0.071,0.071,+0.000,+0.00,300000,21300,
00380,20260909,中国管业,0.138,0.138,0.128,0.133,0.138,-0.005,-3.62,40000,5380,
00381,20260909,权识国际,0.076,0.083,0.075,0.083,0.076,+0.007,+9.21,11460000,894340,
00382,20260909,中汇集团,0.470,0.470,0.465,0.465,0.465,+0.000,+0.00,196759,91861,
00383,20260909,天安卓健,,,,0.785,0.785,+0.000,+0.00,,,
00384,20260909,中国燃气,5.760,5.760,5.575,5.605,5.745,-0.140,-2.44,10578323,59445924,
00385,20260909,建联集团,0.260,0.260,0.240,0.250,0.240,+0.010,+4.17,104000,26880,
00386,20260909,中国石油化工股份,4.885,4.925,4.855,4.920,4.915,+0.005,+0.10,86994744,426186050,
00387,20260909,力丰(集团),0.670,0.685,0.655,0.675,0.655,+0.020,+3.05,124000,83860,
00388,20260909,香港交易所,401.800,402.600,399.600,400.400,402.000,-1.600,-0.40,2210836,885667020,
00389,20260909,通天酒业,0.355,0.380,0.340,0.375,0.375,+0.000,+0.00,547988,195608,
00390,20260909,中国中铁,3.390,3.445,3.370,3.420,3.380,+0.040,+1.18,30860000,105508835,
00391,20260909,美亚娱乐资讯,0.320,0.335,0.320,0.320,0.315,+0.005,+1.59,1880000,609700,
00392,20260909,北京控股,31.400,31.880,31.300,31.500,31.800,-0.300,-0.94,1771500,55770020,
00393,20260909,旭日企业,1.295,1.295,1.290,1.295,1.305,-0.010,-0.77,144000,186460,
00396,20260909,兴利(香港)控股,0.290,0.290,0.255,0.275,0.315,-0.040,-12.70,2064000,558010,
00397,20260909,嬴集团,0.039,0.040,0.038,0.040,0.038,+0.002,+5.26,12378000,483474,
00398,20260909,东方表行集团,3.325,3.345,3.325,3.340,3.320,+0.020,+0.60,412000,1374640,
00399,20260909,星太链集团,,,,0.073,0.073,+0.000,+0.00,,,
00400,20260909,硬蛋创新,4.800,5.050,4.730,4.850,4.825,+0.025,+0.52,9027000,43945685,
00401,20260909,万嘉集团,,,,0.102,0.102,+0.000,+0.00,,,
00403,20260909,星光集团,0.194,0.198,0.179,0.186,0.190,-0.004,-2.11,370000,70178,
00406,20260909,有利集团,,,,0.505,0.505,+0.000,+0.00,,,
00408,20260909,叶氏化工集团,2.680,2.685,2.660,2.665,2.660,+0.005,+0.19,98000,261560,
00410,20260909,SOHO中国,0.320,0.320,0.315,0.320,0.320,+0.000,+0.00,86000,27350,
00411,20260909,南顺(香港),,,,11.100,11.000,+0.100,+0.91,,,
00412,20260909,山高控股,0.645,0.650,0.595,0.605,0.640,-0.035,-5.47,5008000,3092115,
00413,20260909,南华集团控股,,,,0.023,0.023,+0.000,+0.00,,,
00417,20260909,谢瑞麟,0.720,0.720,0.705,0.705,0.720,-0.015,-2.08,60000,42720,
00418,20260909,方正控股,0.605,0.645,0.590,0.620,0.620,+0.000,+0.00,256000,156000,
00419,20260909,弘毅文化集团,0.505,0.535,0.475,0.510,0.505,+0.005,+0.99,3962500,1952735,
00420,20260909,福田实业,0.660,0.665,0.655,0.655,0.665,-0.010,-1.50,648000,425640,
00422,20260909,越南制造加工出口,0.265,0.265,0.265,0.265,0.270,-0.005,-1.85,4000,1060,
00423,20260909,经济日报集团,,,,0.650,0.650,+0.000,+0.00,,,
00425,20260909,敏实集团,25.020,25.600,24.960,25.100,25.040,+0.060,+0.24,2220042,55686110,
00426,20260909,万华媒体,0.131,0.138,0.122,0.122,0.131,-0.009,-6.87,458000,60870,
00428,20260909,中国天弓控股,0.189,0.200,0.189,0.192,0.188,+0.004,+2.13,714000,142372,
00430,20260909,东方兴业控股,,,,0.345,0.345,+0.000,+0.00,,,
00432,20260909,盈大地产,0.215,0.217,0.212,0.212,0.209,+0.003,+1.44,215209,46024,
00433,20260909,北方矿业,0.050,0.050,0.046,0.046,0.048,-0.002,-4.17,6210000,296880,
00434,20260909,博雅互动,3.065,3.100,2.950,3.065,2.975,+0.090,+3.03,2122000,6433995,
00436,20260909,新宇环保,,,,0.055,0.055,+0.000,+0.00,,,
00438,20260909,彩虹新能源,,,,1.160,1.160,+0.000,+0.00,,,
00439,20260909,瀚源控股,0.540,0.575,0.540,0.575,0.565,+0.010,+1.77,29600,16106,
00440,20260909,大新金融,46.700,46.800,46.100,46.220,46.580,-0.360,-0.77,274810,12751288,
00442,20260909,域能控股,0.600,0.600,0.600,0.600,0.595,+0.005,+0.84,23000,13800,
00444,20260909,SINCEREWATCH HK,,,,0.010,0.010,+0.000,+0.00,,,
00450,20260909,鸿兴印刷集团,0.685,0.685,0.685,0.685,0.690,-0.005,-0.72,20000,13700,
00451,20260909,时代数字,0.545,0.560,0.530,0.535,0.540,-0.005,-0.93,2732342,1481839,
00455,20260909,天大药业,,,,0.103,0.103,+0.000,+0.00,,,
00456,20260909,新城市建设发展,0.445,0.445,0.445,0.445,0.440,+0.005,+1.14,2000,890,
00458,20260909,联亚集团,,,,1.600,1.600,+0.000,+0.00,,,
00460,20260909,四环医药,0.790,0.790,0.770,0.775,0.795,-0.020,-2.52,16383584,12740955,
00464,20260909,中国智能科技,0.655,0.725,0.655,0.725,0.725,+0.000,+0.00,72000,48320,
00465,20260909,富通科技,3.905,4.000,3.850,3.850,3.900,-0.050,-1.28,152000,594460,
00467,20260909,联合能源集团,0.440,0.440,0.415,0.420,0.435,-0.015,-3.45,51482000,21780475,
00468,20260909,纷美包装,,,,2.274,2.274,+0.000,+0.00,,,
00470,20260909,先导智能,27.840,28.220,27.660,27.900,27.660,+0.240,+0.87,586600,16404669,
00471,20260909,中播数据,0.124,0.124,0.121,0.123,0.116,+0.007,+6.03,984075,120984,
00472,20260909,新丝路控股集团,,,,0.210,0.210,+0.000,+0.00,,,
00474,20260909,信铭生命科技,0.145,0.152,0.145,0.152,0.152,+0.000,+0.00,1542000,228846,
00475,20260909,中发展控股,0.315,0.320,0.315,0.320,0.265,+0.055,+20.75,88000,28070,
00476,20260909,科轩动力控股,0.690,0.740,0.690,0.730,0.680,+0.050,+7.35,636000,446530,
00480,20260909,香港兴业国际,0.980,1.015,0.980,1.000,1.000,+0.000,+0.00,612200,609308,
00482,20260909,圣马丁国际,,,,0.485,0.485,+0.000,+0.00,,,
00483,20260909,包浩斯国际,,,,0.176,0.177,-0.001,-0.56,,,
00484,20260909,云游控股,0.690,0.690,0.690,0.690,0.720,-0.030,-4.17,5500,3691,
00485,20260909,中国华星,,,,0.370,0.370,+0.000,+0.00,,,
00486,20260909,俄铝,3.000,3.090,3.000,3.080,2.970,+0.110,+3.70,198000,604645,
00487,20260909,实德环球,0.039,0.039,0.039,0.039,0.040,-0.001,-2.50,104000,4056,
00488,20260909,丽新发展,,,,0.735,0.745,-0.010,-1.34,,,
00491,20260909,英皇文化产业,0.026,0.026,0.026,0.026,0.025,+0.001,+4.00,220001,5720,
00493,20260909,国美零售,0.010,0.010,0.010,0.010,0.010,+0.000,+0.00,2567000,24361,
00496,20260909,卡森国际,,,,0.178,0.178,+0.000,+0.00,,,
00497,20260909,资本策略地产,0.165,0.165,0.156,0.165,0.160,+0.005,+3.13,140000,22920,
00498,20260909,蓝河控股,,,,0.071,0.071,+0.000,+0.00,,,
00499,20260909,青岛控股,0.190,0.215,0.190,0.195,0.193,+0.002,+1.04,428000,84994,
00500,20260909,先丰服务集团,0.065,0.065,0.063,0.070,0.067,+0.003,+4.48,5000,319,
00501,20260909,豪威集团,71.700,72.400,70.850,71.250,71.700,-0.450,-0.63,205200,14643110,
00505,20260909,兴业合金,1.040,1.040,1.020,1.040,1.040,+0.000,+0.00,12000,12460,
00506,20260909,中国食品,3.920,3.985,3.900,3.955,3.930,+0.025,+0.64,5268050,20843030,
00508,20260909,鼎亿集团投资,0.290,0.310,0.275,0.310,0.310,+0.000,+0.00,576000,165705,
00509,20260909,世纪阳光,,,,0.170,0.170,+0.000,+0.00,,,
00510,20260909,时富金融服务集团,0.460,0.460,0.460,0.460,0.485,-0.025,-5.15,34500,15780,
00511,20260909,无线集团,2.330,2.330,2.255,2.270,2.315,-0.045,-1.94,826900,1881034,
00512,20260909,远大医药,4.945,5.020,4.905,4.995,4.950,+0.045,+0.91,3654000,18165700,
00513,20260909,恒和集团,,,,0.140,0.140,+0.000,+0.00,,,
00515,20260909,中华银科技,,,,0.173,0.173,+0.000,+0.00,,,
00517,20260909,中远海运国际,6.820,6.890,6.770,6.790,6.830,-0.040,-0.59,8581960,58499070,
00518,20260909,同得仕(集团),,,,0.152,0.152,+0.000,+0.00,,,
00519,20260909,诺科达科技,0.138,0.142,0.130,0.142,0.140,+0.002,+1.43,1145000,152315,
00520,20260909,呷哺呷哺,0.255,0.265,0.246,0.250,0.255,-0.005,-1.96,540000,134872,
00521,20260909,CWT INT'L,0.186,0.190,0.185,0.185,0.196,-0.011,-5.61,1850000,343750,
00522,20260909,ASMPT,166.000,173.800,163.200,169.000,161.400,+7.600,+4.71,3597869,605735610,
00524,20260909,长城天下,2.200,2.280,2.110,2.110,2.120,-0.010,-0.47,130000,280050,
00525,20260909,广深铁路股份,2.410,2.455,2.410,2.455,2.425,+0.030,+1.24,5410000,13183950,
00526,20260909,利时集团控股,0.106,0.110,0.106,0.110,0.109,+0.001,+0.92,100000,10644,
00527,20260909,瑞风绿能智算,0.805,0.825,0.800,0.825,0.805,+0.020,+2.48,3804000,3089460,
00528,20260909,金达控股,,,,1.200,1.200,+0.000,+0.00,,,
00529,20260909,新龙国际,1.700,1.700,1.700,1.700,1.700,+0.000,+0.00,12000,20400,
00532,20260909,WKK INTL (HOLD),0.380,0.380,0.345,0.365,0.370,-0.005,-1.35,526000,190500,
00533,20260909,金利来集团,0.875,0.875,0.875,0.875,0.875,+0.000,+0.00,3000,2625,
00535,20260909,金地商置,0.102,0.102,0.097,0.100,0.099,+0.001,+1.01,438000,43272,
00536,20260909,贸易通,1.165,1.165,1.160,1.160,1.155,+0.005,+0.43,192000,223520,
00537,20260909,普源精电,21.980,22.360,21.600,22.060,21.980,+0.080,+0.36,210000,4652460,
00538,20260909,味千(中国),0.795,0.800,0.790,0.800,0.800,+0.000,+0.00,128000,102205,
00540,20260909,迅捷环球控股,,,,0.220,0.220,+0.000,+0.00,,,
00542,20260909,中国文旅农业,0.860,0.880,0.860,0.860,0.860,+0.000,+0.00,208800,180344,
00543,20260909,太平洋网络,,,,0.240,0.240,+0.000,+0.00,,,
00544,20260909,大同集团,,,,0.900,0.900,+0.000,+0.00,440,343,
00546,20260909,阜丰集团,4.790,4.810,4.600,4.705,4.736,-0.031,-0.65,6557402,30613034,
00547,20260909,数字王国,0.219,0.224,0.213,0.214,0.218,-0.004,-1.83,532000,114548,
00548,20260909,深圳高速公路股份,6.825,6.825,6.780,6.800,6.775,+0.025,+0.37,342000,2321342,
00550,20260909,律齐文化,0.985,0.985,0.900,0.930,0.930,+0.000,+0.00,398000,369320,
00551,20260909,裕元集团,13.740,13.740,13.580,13.690,13.740,-0.050,-0.36,3697211,50599201,
00552,20260909,中国通信服务,4.085,4.085,4.040,4.055,4.065,-0.010,-0.25,3564000,14457410,
00553,20260909,南京熊猫电子股份,3.260,3.275,3.215,3.240,3.265,-0.025,-0.77,964000,3120780,
00554,20260909,汉思集团控股,0.192,0.200,0.191,0.200,0.200,+0.000,+0.00,192000,37402,
00556,20260909,泛亚环保,0.425,0.425,0.405,0.405,0.425,-0.020,-4.71,250000,104270,
00557,20260909,天元医疗,,,,0.510,0.510,+0.000,+0.00,,,
00558,20260909,力劲科技,1.300,1.365,1.300,1.360,1.355,+0.005,+0.37,487500,652769,
00559,20260909,德泰新能源集团,,,,0.126,0.126,+0.000,+0.00,,,
00560,20260909,珠江船务,0.605,0.605,0.595,0.595,0.595,+0.000,+0.00,366000,219600,
00563,20260909,上实城市开发,0.224,0.238,0.224,0.232,0.230,+0.002,+0.87,664000,155412,
00564,20260909,中创智领,12.910,13.070,12.800,12.970,12.930,+0.040,+0.31,928800,12046406,
00565,20260909,锦艺集团控股,4.200,4.445,4.160,4.365,4.200,+0.165,+3.93,12195000,52986850,
00567,20260909,金安智能,0.295,0.295,0.295,0.295,0.295,+0.000,+0.00,160000,47200,
00568,20260909,山东墨龙,5.120,5.180,4.950,5.085,5.135,-0.050,-0.97,53512400,270480470,
00570,20260909,中国中药,1.330,1.335,1.305,1.310,1.335,-0.025,-1.87,13274000,17415080,
00571,20260909,丰德丽控股,0.043,0.043,0.042,0.042,0.046,-0.004,-8.70,286000,12236,
00572,20260909,未来世界控股,,,,0.370,0.370,+0.000,+0.00,2000,680,
00573,20260909,稻香控股,0.270,0.275,0.270,0.275,0.260,+0.015,+5.77,135000,36615,
00574,20260909,百信国际,,,,0.018,0.018,+0.000,+0.00,,,
00575,20260909,励晶太平洋,0.830,0.830,0.830,0.830,0.815,+0.015,+1.84,10500,8680,
00576,20260909,浙江沪杭甬,6.170,6.195,6.115,6.150,6.150,+0.000,+0.00,7983413,49089430,
00579,20260909,京能清洁能源,1.665,1.670,1.635,1.670,1.665,+0.005,+0.30,6648000,10994810,
00580,20260909,赛晶科技,1.260,1.280,1.260,1.275,1.245,+0.030,+2.41,2984000,3789626,
00581,20260909,中国东方集团,1.125,1.145,1.110,1.130,1.130,+0.000,+0.00,726000,825920,
00582,20260909,神话世界,0.064,0.064,0.064,0.064,0.070,-0.006,-8.57,14100,888,
00583,20260909,长城环亚控股,,,,0.180,0.180,+0.000,+0.00,,,
00585,20260909,意力国际,4.800,4.845,4.600,4.610,4.615,-0.005,-0.11,139500,651873,
00586,20260909,海螺创业,7.830,7.885,7.740,7.885,7.830,+0.055,+0.70,2628000,20523805,
00587,20260909,海螺环保,0.285,0.285,0.275,0.280,0.285,-0.005,-1.75,60500,16703,
00588,20260909,北京北辰实业股份,0.710,0.710,0.700,0.705,0.715,-0.010,-1.40,3994000,2810870,
00590,20260909,六福集团,22.000,22.000,21.400,21.720,21.920,-0.200,-0.91,2002000,43313300,
00591,20260909,中国高精密,0.260,0.260,0.250,0.260,0.255,+0.005,+1.96,403000,101770,
00595,20260909,先思行,1.255,1.295,1.255,1.280,1.260,+0.020,+1.59,290000,369990,
00596,20260909,浪潮数字企业,2.140,2.150,2.110,2.130,2.140,-0.010,-0.47,742000,1580070,
00598,20260909,中国外运,4.670,4.760,4.630,4.715,4.655,+0.060,+1.29,2286552,10762416,
00599,20260909,怡邦行控股,,,,0.120,0.120,+0.000,+0.00,,,
00600,20260909,爱芯元智,16.000,19.400,16.000,17.380,16.000,+1.380,+8.63,4779800,85554130,
00601,20260909,稀镁科技,,,,0.063,0.063,+0.000,+0.00,,,
00602,20260909,佳华百货控股,,,,0.048,0.048,+0.000,+0.00,,,
00603,20260909,中油燃气,0.126,0.126,0.120,0.122,0.126,-0.004,-3.17,1108000,133988,
00604,20260909,深圳控股,0.650,0.655,0.640,0.640,0.655,-0.015,-2.29,2108488,1353898,
00605,20260909,中国金融投资管理,0.810,0.810,0.810,0.810,0.850,-0.040,-4.71,5300,4254,
00606,20260909,中骏商管,0.260,0.265,0.229,0.260,0.250,+0.010,+4.00,175000,45775,
00607,20260909,丰盛控股,0.310,0.345,0.270,0.310,0.310,+0.000,+0.00,408000,128160,
00608,20260909,达利国际,1.075,1.100,1.075,1.100,1.025,+0.075,+7.32,4000,4350,
00609,20260909,天德化工,1.040,1.040,1.040,1.040,1.040,+0.000,+0.00,12000,12480,
00610,20260909,惠记集团,0.930,0.930,0.930,0.930,0.910,+0.020,+2.20,60000,55800,
00611,20260909,中国核能科技,0.440,0.440,0.430,0.440,0.440,+0.000,+0.00,262000,113030,
00612,20260909,嘉文世纪投资公司,,,,0.335,0.335,+0.000,+0.00,,,
00613,20260909,梧桐国际,4.885,4.885,4.330,4.330,4.900,-0.570,-11.63,248000,1163360,
00616,20260909,财富链,0.112,0.125,0.109,0.120,0.114,+0.006,+5.26,21170250,2479413,
00617,20260909,百利保控股,0.196,0.201,0.194,0.194,0.199,-0.005,-2.51,672000,131702,
00618,20260909,北大资源,0.315,0.325,0.310,0.310,0.315,-0.005,-1.59,136000,43040,
00619,20260909,南华金融,,,,0.290,0.290,+0.000,+0.00,,,
00620,20260909,大唐西市,,,,0.245,0.245,+0.000,+0.00,,,
00621,20260909,坛金矿业,0.535,0.535,0.520,0.525,0.535,-0.010,-1.87,1700000,894250,
00622,20260909,威华达控股,2.770,2.825,2.770,2.780,2.780,+0.000,+0.00,11297000,31622800,
00623,20260909,金桥集团控股,2.150,2.170,2.150,2.170,2.150,+0.020,+0.93,185000,400270,
00625,20260909,希音-W,40.500,40.920,39.400,40.880,40.460,+0.420,+1.04,1657814,66708244,
00626,20260909,大众金融控股,2.260,2.320,2.160,2.200,1.550,+0.650,+41.94,19044000,42270350,
00627,20260909,共生智筑,,,,0.555,0.555,+0.000,+0.00,,,
00628,20260909,通通AI社交,0.330,0.345,0.300,0.300,0.335,-0.035,-10.45,22588000,7487720,
00629,20260909,悦达国际控股,,,,0.270,0.270,+0.000,+0.00,,,
00630,20260909,隽泰控股,,,,0.146,0.135,+0.011,+8.15,,,
00631,20260909,三一国际,10.010,10.270,9.895,10.180,10.010,+0.170,+1.70,11534203,117000391,
00632,20260909,中港石油,0.187,0.188,0.179,0.188,0.187,+0.001,+0.53,1856000,337724,
00635,20260909,彩星集团,0.500,0.500,0.500,0.500,0.500,+0.000,+0.00,96000,48000,
00636,20260909,KLN,5.710,6.075,5.705,6.075,5.650,+0.425,+7.52,4048137,24216925,
00637,20260909,利记,0.176,0.177,0.175,0.177,0.175,+0.002,+1.14,152000,26800,
00638,20260909,广和通,7.600,7.640,7.170,7.330,7.645,-0.315,-4.12,3313000,24261887,
00639,20260909,首钢资源,3.050,3.100,2.980,3.100,3.040,+0.060,+1.97,29525000,90073594,
00640,20260909,星谦发展,2.330,2.330,2.290,2.290,2.350,-0.060,-2.55,46000,106700,
00641,20260909,中国恒天立信国际,,,,0.370,0.370,+0.000,+0.00,,,
00643,20260909,恒富控股,0.171,0.184,0.170,0.184,0.179,+0.005,+2.79,260000,45960,
00645,20260909,安域亚洲,,,,0.180,0.180,+0.000,+0.00,,,
00646,20260909,中国环保科技,0.350,0.360,0.280,0.305,0.350,-0.045,-12.86,7412800,2263272,
00648,20260909,京玖康疗,0.520,0.545,0.520,0.530,0.520,+0.010,+1.92,50250,26890,
00650,20260909,普达特科技,0.191,0.191,0.189,0.189,0.190,-0.001,-0.53,922000,175348,
00653,20260909,卓悦控股,0.070,0.086,0.067,0.079,0.074,+0.005,+6.76,45221400,3404144,
00655,20260909,香港华人有限公司,0.430,0.430,0.405,0.425,0.430,-0.005,-1.16,431713,179152,
00656,20260909,复星国际,5.110,5.165,5.030,5.140,5.110,+0.030,+0.59,7401729,37919816,
00657,20260909,环科国际,0.029,0.039,0.029,0.038,0.027,+0.011,+40.74,842000,29046,
00658,20260909,中国高速传动,1.055,1.060,1.055,1.060,1.030,+0.030,+2.91,9000,9510,
00659,20260909,周大福创建,8.070,8.070,8.000,8.025,8.075,-0.050,-0.62,644643,5169580,
00660,20260909,玮俊生物科技,0.435,0.470,0.435,0.440,0.425,+0.015,+3.53,160000,72100,
00661,20260909,中国大冶有色金属,0.170,0.174,0.164,0.173,0.170,+0.003,+1.76,32544000,5564562,
00662,20260909,亚洲金融,,,,4.680,4.680,+0.000,+0.00,,,
00664,20260909,铜师傅,12.360,12.460,12.360,12.460,12.400,+0.060,+0.48,3900,48348,
00666,20260909,瑞浦兰钧,9.995,10.100,9.825,9.940,9.875,+0.065,+0.66,1295240,12922101,
00667,20260909,中国东方教育,4.100,4.100,3.980,3.985,4.140,-0.155,-3.74,2260500,9090518,
00668,20260909,安克创新,128.200,131.100,125.100,126.100,128.200,-2.100,-1.64,215400,27319326,
00669,20260909,创科实业,130.300,134.400,130.300,131.700,131.500,+0.200,+0.15,6831539,903499610,
00670,20260909,中国东方航空股份,2.720,2.740,2.685,2.740,2.725,+0.015,+0.55,3636000,9893960,
00672,20260909,众安集团,0.081,0.081,0.074,0.078,0.076,+0.002,+2.63,373400,29109,
00673,20260909,中国卫生集团,0.290,0.310,0.275,0.310,0.325,-0.015,-4.62,108000,33090,
00674,20260909,中国唐商,0.047,0.053,0.047,0.053,0.047,+0.006,+12.77,264000,12948,
00675,20260909,坚宝国际,,,,0.360,0.360,+0.000,+0.00,,,
00676,20260909,创信国际,,,,1.010,1.010,+0.000,+0.00,,,
00677,20260909,金源发展国际实业,0.395,0.400,0.395,0.400,0.400,+0.000,+0.00,228000,90200,
00679,20260909,亚洲联网科技,5.670,6.175,5.670,5.930,5.670,+0.260,+4.59,585000,3482650,
00681,20260909,中民控股,0.028,0.032,0.028,0.032,0.028,+0.004,+14.29,7168000,213590,
00682,20260909,超大现代,0.214,0.215,0.214,0.215,0.216,-0.001,-0.46,30000,6440,
00683,20260909,嘉里建设,18.550,18.710,18.390,18.520,18.810,-0.290,-1.54,1129500,20925535,
00684,20260909,亚伦国际,0.400,0.450,0.400,0.450,0.400,+0.050,+12.50,176000,72860,
00685,20260909,世界华文媒体,,,,0.190,0.190,+0.000,+0.00,,,
00686,20260909,北京能源国际,0.675,0.675,0.670,0.670,0.670,+0.000,+0.00,92600,62552,
00687,20260909,泰昇集团,0.305,0.335,0.305,0.335,0.340,-0.005,-1.47,50000,15470,
00688,20260909,中国海外发展,13.180,13.180,12.780,12.960,13.010,-0.050,-0.38,25447039,328926410,
00689,20260909,长盈集团(控股),,,,0.141,0.141,+0.000,+0.00,20,3,
00690,20260909,联康生物科技集团,0.067,0.068,0.063,0.068,0.067,+0.001,+1.49,6880000,446560,
00691,20260909,山水水泥,,,,0.260,0.260,+0.000,+0.00,,,
00693,20260909,陈唱国际,1.560,1.560,1.560,1.560,1.535,+0.025,+1.63,27000,42120,
00694,20260909,北京首都机场股份,1.515,1.545,1.515,1.540,1.545,-0.005,-0.32,3194000,4905390,
00695,20260909,东吴水泥,7.820,7.895,7.700,7.880,7.805,+0.075,+0.96,484000,3757890,
00696,20260909,中国民航信息网络,8.715,8.840,8.640,8.785,8.750,+0.035,+0.40,3407000,29839205,
00697,20260909,首程控股,1.425,1.425,1.380,1.385,1.405,-0.020,-1.42,12159200,16881072,
00698,20260909,通达集团,2.450,2.600,2.440,2.580,2.450,+0.130,+5.31,100400,256451,
00699,20260909,均胜电子,12.360,12.400,12.100,12.130,12.360,-0.230,-1.86,854500,10432280,
00700,20260909,腾讯控股,436.200,438.400,432.800,434.000,435.400,-1.400,-0.32,17643957,7667747300,
00701,20260909,北海集团,0.093,0.093,0.093,0.093,0.092,+0.001,+1.09,200000,18600,
00702,20260909,中国油气控股,,,,0.034,0.034,+0.000,+0.00,,,
00703,20260909,佳景集团,,,,0.100,0.101,-0.001,-0.99,,,
00704,20260909,和嘉控股,,,,0.133,0.133,+0.000,+0.00,,,
00707,20260909,亚洲电视控股,,,,0.060,0.060,+0.000,+0.00,,,
00708,20260909,恒大汽车,,,,0.170,0.170,+0.000,+0.00,,,
00709,20260909,佐丹奴国际,1.390,1.400,1.390,1.395,1.390,+0.005,+0.36,392000,546380,
00710,20260909,京东方精电,4.295,4.295,4.085,4.090,4.200,-0.110,-2.62,1268000,5246545,
00711,20260909,亚洲联合基建控股,0.425,0.430,0.425,0.430,0.430,+0.000,+0.00,106000,45530,
00712,20260909,卡姆丹克太阳能,0.060,0.060,0.060,0.060,0.060,+0.000,+0.00,40000,2400,
00713,20260909,世界(集团),,,,0.320,0.320,+0.000,+0.00,,,
00716,20260909,胜狮货柜,0.435,0.445,0.435,0.440,0.435,+0.005,+1.15,732000,322170,
00717,20260909,英皇资本,0.070,0.070,0.067,0.067,0.068,-0.001,-1.47,666000,44904,
00718,20260909,太和控股,0.029,0.031,0.029,0.031,0.032,-0.001,-3.13,45000,1315,
00719,20260909,山东新华制药股份,5.575,5.680,5.570,5.660,5.690,-0.030,-0.53,320000,1798560,
00720,20260909,意达利控股,0.290,0.290,0.275,0.275,0.295,-0.020,-6.78,75000,21250,
00721,20260909,中国金融国际,0.120,0.120,0.120,0.119,0.129,-0.010,-7.75,12000,1416,
00722,20260909,联合医务,0.415,0.420,0.400,0.400,0.420,-0.020,-4.76,150215,60664,
00723,20260909,信保环球控股,0.250,0.260,0.245,0.255,0.260,-0.005,-1.92,2730498,676887,
00725,20260909,恒都集团,0.995,0.995,0.995,0.995,1.000,-0.005,-0.50,4000,3930,
00726,20260909,筑友智造科技,0.035,0.035,0.035,0.035,0.035,+0.000,+0.00,120000,4200,
00727,20260909,中国丰汇,0.450,0.450,0.450,0.450,0.450,+0.000,+0.00,20000,9000,
00728,20260909,中国电信,4.580,4.595,4.515,4.550,4.580,-0.030,-0.66,60214016,273279010,
00730,20260909,首惠产业金融,0.117,0.120,0.115,0.117,0.119,-0.002,-1.68,5400000,640033,
00731,20260909,建发新胜,0.295,0.295,0.285,0.290,0.300,-0.010,-3.33,120000,34900,
00732,20260909,信利国际,0.825,0.835,0.825,0.825,0.835,-0.010,-1.20,1332000,1104700,
00733,20260909,合富辉煌,,,,0.190,0.190,+0.000,+0.00,,,
00736,20260909,中国置业投资,0.189,0.193,0.189,0.189,0.189,+0.000,+0.00,165000,31167,
00737,20260909,湾区发展,1.945,1.970,1.945,1.970,1.960,+0.010,+0.51,116502,227090,
00738,20260909,莱尔斯丹,0.345,0.355,0.345,0.355,0.350,+0.005,+1.43,49000,17045,
00743,20260909,亚洲水泥(中国),1.685,1.700,1.680,1.680,1.660,+0.020,+1.20,55500,93748,
00745,20260909,中国国家文化产业,4.490,4.970,4.490,4.945,4.500,+0.445,+9.89,189640,924011,
00746,20260909,理文化工,4.315,4.420,4.290,4.420,4.315,+0.105,+2.43,234000,1018340,
00747,20260909,沈阳公用发展股份,0.072,0.082,0.072,0.082,0.084,-0.002,-2.38,112000,8184,
00750,20260909,水发兴业能源,0.182,0.193,0.181,0.188,0.187,+0.001,+0.53,1210000,220509,
00751,20260909,创维集团,4.090,4.100,4.040,4.055,4.085,-0.030,-0.73,939000,3807814,
00752,20260909,笔克远东,2.150,2.160,2.130,2.135,2.155,-0.020,-0.93,528000,1131990,
00753,20260909,中国国航,3.815,3.855,3.755,3.815,3.815,+0.000,+0.00,15340000,58564290,
00754,20260909,合生创展集团,,,,2.640,2.640,+0.000,+0.00,,,
00755,20260909,大方广瑞德,,,,0.260,0.255,+0.005,+1.96,,,
00756,20260909,森美控股,1.000,1.000,1.000,1.000,1.100,-0.100,-9.09,24000,24000,
00757,20260909,阳光能源,0.058,0.060,0.058,0.060,0.060,+0.000,+0.00,445000,25812,
00759,20260909,CEC国际,0.210,0.210,0.210,0.210,0.210,+0.000,+0.00,10000,2100,
00760,20260909,新天地产集团,,,,0.116,0.116,+0.000,+0.00,,,
00762,20260909,中国联通,5.770,5.820,5.710,5.775,5.735,+0.040,+0.70,91667592,529334640,
00763,20260909,中兴通讯,23.640,23.880,23.280,23.480,23.620,-0.140,-0.59,4910866,115409771,
00764,20260909,永恒策略,0.260,0.260,0.260,0.260,0.260,+0.000,+0.00,10451,2698,
00765,20260909,威发国际,,,,0.135,0.135,+0.000,+0.00,,,
00767,20260909,中基长寿科学,0.480,0.490,0.470,0.480,0.470,+0.010,+2.13,800162,386176,
00768,20260909,开明投资,0.036,0.039,0.036,0.039,0.037,+0.002,+5.41,38000,1374,
00769,20260909,中国稀土,,,,0.700,0.700,+0.000,+0.00,,,
00770,20260909,沪光国际,,,,0.245,0.245,+0.000,+0.00,,,
00771,20260909,自动系统,0.720,0.745,0.715,0.745,0.750,-0.005,-0.67,112848,82534,
00772,20260909,阅文集团,21.200,21.300,19.610,20.100,21.320,-1.220,-5.72,17132324,345680770,
00775,20260909,长江生命科技,0.560,0.565,0.555,0.555,0.560,-0.005,-0.89,2456080,1372392,
00776,20260909,帝国科技集团,0.228,0.236,0.228,0.232,0.230,+0.002,+0.87,587000,135202,
00777,20260909,网龙,7.625,7.665,7.435,7.455,7.680,-0.225,-2.93,1593155,11923346,
00780,20260909,同程旅行,11.490,11.490,10.910,11.070,11.510,-0.440,-3.82,17156262,189592470,
00784,20260909,爱生命国际,0.645,0.645,0.635,0.640,0.650,-0.010,-1.54,280000,179150,
00788,20260909,中国铁塔,9.145,9.180,9.060,9.110,9.145,-0.035,-0.38,23264946,211997340,
00789,20260909,雅天妮集团,0.850,0.850,0.850,0.850,0.800,+0.050,+6.25,5000,4250,
00794,20260909,锦胜集团(控股),,,,0.350,0.350,+0.000,+0.00,,,
00797,20260909,第七大道,1.090,1.120,1.080,1.120,1.105,+0.015,+1.36,426000,469150,
00798,20260909,中电光谷,0.129,0.132,0.128,0.131,0.129,+0.002,+1.55,2892000,380344,
00799,20260909,IGG,3.100,3.130,3.090,3.095,3.100,-0.005,-0.16,659777,2047378,
00800,20260909,文远知行-W,15.760,16.340,15.700,16.100,15.750,+0.350,+2.22,1092353,17518513,
00804,20260909,鼎石资本,14.400,14.400,13.950,14.000,14.000,+0.000,+0.00,165125,2312534,
00805,20260909,新吉奥房车,8.200,8.585,7.885,8.175,8.000,+0.175,+2.19,1380000,11491150,
00806,20260909,惠理集团,2.065,2.065,2.030,2.050,2.025,+0.025,+1.23,821000,1680995,
00807,20260909,上海实业环境,0.945,0.945,0.940,0.945,0.940,+0.005,+0.53,508000,479545,
00809,20260909,大成生化科技,0.395,0.415,0.375,0.375,0.390,-0.015,-3.85,426200,170234,
00810,20260909,中国铸晨81,,,,0.094,0.094,+0.000,+0.00,,,
00811,20260909,新华文轩,8.070,8.070,7.930,8.065,8.035,+0.030,+0.37,782000,6276075,
00813,20260909,世茂集团,0.049,0.050,0.040,0.042,0.049,-0.007,-14.29,187985880,8247004,
00814,20260909,北京京客隆,,,,0.290,0.290,+0.000,+0.00,,,
00815,20260909,中国白银集团,0.260,0.260,0.255,0.260,0.260,+0.000,+0.00,6010000,1551390,
00816,20260909,金茂服务,2.200,2.260,2.200,2.260,2.200,+0.060,+2.73,198261,442102,
00817,20260909,中国金茂,1.335,1.335,1.260,1.265,1.335,-0.070,-5.24,100978007,128661799,
00818,20260909,高阳科技,0.340,0.340,0.330,0.330,0.340,-0.010,-2.94,627000,210300,
00819,20260909,天能动力,3.955,3.955,3.780,3.845,3.910,-0.065,-1.66,16285626,62332702,
00821,20260909,汇盈控股,0.435,0.460,0.435,0.440,0.465,-0.025,-5.38,1928000,871160,
00822,20260909,嘉瑞国际,0.325,0.325,0.305,0.305,0.315,-0.010,-3.17,186000,59380,
00825,20260909,新世界百货中国,0.265,0.270,0.265,0.270,0.270,+0.000,+0.00,107000,28370,
00826,20260909,天工国际,3.225,3.270,3.150,3.235,3.230,+0.005,+0.15,10424000,33261490,
00827,20260909,玖源集团,,,,0.045,0.045,+0.000,+0.00,,,
00828,20260909,王朝酒业,,,,0.162,0.166,-0.004,-2.41,,,
00829,20260909,神冠控股,0.220,0.232,0.210,0.227,0.221,+0.006,+2.71,9402000,2101812,
00830,20260909,中国建筑兴业,0.780,0.780,0.770,0.780,0.780,+0.000,+0.00,8000,6200,
00831,20260909,利亚零售,0.385,0.385,0.380,0.380,0.380,+0.000,+0.00,30000,11520,
00832,20260909,建业地产,0.036,0.038,0.033,0.034,0.036,-0.002,-5.56,201000,6792,
00833,20260909,华讯,0.625,0.625,0.615,0.615,0.625,-0.010,-1.60,372000,230200,
00834,20260909,盛融控股,,,,0.250,0.250,+0.000,+0.00,,,
00836,20260909,华润电力,18.900,19.230,18.820,19.160,18.900,+0.260,+1.38,18231962,348492300,
00837,20260909,谭木匠,,,,5.935,5.935,+0.000,+0.00,,,
00838,20260909,亿和控股,0.745,0.745,0.735,0.745,0.740,+0.005,+0.68,290000,214480,
00839,20260909,中教控股,1.870,1.870,1.845,1.850,1.880,-0.030,-1.60,2024000,3751170,
00840,20260909,天业节水,,,,0.156,0.156,+0.000,+0.00,,,
00841,20260909,木薯资源,,,,0.165,0.165,+0.000,+0.00,,,
00842,20260909,理士国际,0.905,0.920,0.905,0.915,0.905,+0.010,+1.10,280000,256575,
00844,20260909,广泰国际控股,,,,0.415,0.415,+0.000,+0.00,,,
00845,20260909,恒盛地产,,,,0.010,0.010,+0.000,+0.00,,,
00846,20260909,明发集团,,,,0.081,0.081,+0.000,+0.00,,,
00848,20260909,茂业国际,,,,0.099,0.099,+0.000,+0.00,,,
00851,20260909,盛源控股,,,,0.170,0.170,+0.000,+0.00,,,
00852,20260909,海峡石油化工,,,,0.166,0.166,+0.000,+0.00,,,
00853,20260909,微创医疗,,,,6.075,6.075,+0.000,+0.00,,,
00854,20260909,威雅利,,,,5.080,5.080,+0.000,+0.00,,,
00855,20260909,中国水务,4.440,4.455,4.420,4.435,4.435,+0.000,+0.00,312000,1385654,
00856,20260909,伟仕佳杰,9.925,10.110,9.810,10.100,9.805,+0.295,+3.01,2436000,24399730,
00857,20260909,中国石油股份,10.350,10.510,10.260,10.430,10.350,+0.080,+0.77,73524945,765828140,
00858,20260909,精优药业,0.075,0.076,0.075,0.076,0.078,-0.002,-2.56,150000,11390,
00859,20260909,中昌国际控股,,,,0.116,0.116,+0.000,+0.00,,,
00860,20260909,APOLLO出行,0.570,0.570,0.540,0.540,0.550,-0.010,-1.82,73800,40672,
00861,20260909,神州控股,1.800,1.800,1.785,1.785,1.800,-0.015,-0.83,8949,16036,
00862,20260909,远见控股,1.000,1.030,1.000,1.025,1.015,+0.010,+0.99,20000,20300,
00863,20260909,OSL集团,10.510,10.520,10.180,10.500,10.600,-0.100,-0.94,1176000,12159905,
00864,20260909,永利地产发展,,,,0.156,0.156,+0.000,+0.00,,,
00865,20260909,建德国际控股,0.051,0.051,0.051,0.051,0.051,+0.000,+0.00,240000,12264,
00866,20260909,中国秦发,2.160,2.240,2.150,2.200,2.150,+0.050,+2.33,2150000,4733810,
00867,20260909,康哲药业,11.040,11.310,10.930,11.180,11.040,+0.140,+1.27,8143682,91072367,
00868,20260909,信义玻璃,9.060,9.145,9.040,9.090,9.105,-0.015,-0.16,4678768,42533944,
00869,20260909,彩星玩具,0.470,0.480,0.470,0.480,0.465,+0.015,+3.23,2208740,1054860,
00871,20260909,中国疏浚环保,0.048,0.048,0.048,0.049,0.050,-0.001,-2.00,50000,2300,
00873,20260909,世茂服务,0.340,0.350,0.340,0.345,0.350,-0.005,-1.43,321000,110220,
00874,20260909,白云山,13.660,13.690,13.500,13.610,13.760,-0.150,-1.09,1136339,15429676,
00875,20260909,从玉智农,0.340,0.345,0.305,0.345,0.340,+0.005,+1.47,4712000,1544630,
00876,20260909,佳兆业健康,,,,1.950,1.950,+0.000,+0.00,,,
00878,20260909,金朝阳集团,6.055,6.110,6.050,6.050,6.110,-0.060,-0.98,52500,318615,
00880,20260909,澳博控股,1.460,1.460,1.420,1.420,1.455,-0.035,-2.41,3719000,5309525,
00881,20260909,中升控股,3.570,3.570,3.320,3.325,3.550,-0.225,-6.34,9361000,31597702,
00882,20260909,天津发展,2.105,2.110,2.080,2.095,2.125,-0.030,-1.41,298000,625440,
00883,20260909,中国海洋石油,26.000,26.000,25.680,25.820,25.860,-0.040,-0.15,79570411,2058559200,
00884,20260909,旭辉控股集团,0.039,0.039,0.038,0.038,0.039,-0.001,-2.56,35467034,1354072,
00887,20260909,英皇钟表珠宝,0.295,0.300,0.295,0.300,0.295,+0.005,+1.69,3260000,962300,
00888,20260909,链信控股,0.045,0.045,0.044,0.044,0.040,+0.004,+10.00,54000,2410,
00889,20260909,连达科技控股,0.385,0.385,0.385,0.385,0.385,+0.000,+0.00,14000,5390,
00893,20260909,中国铁钛,0.068,0.072,0.068,0.070,0.068,+0.002,+2.94,168000,11936,
00894,20260909,万裕科技,1.735,2.065,1.735,2.010,1.735,+0.275,+15.85,10284000,19879450,
00895,20260909,东江环保,1.640,1.635,1.605,1.605,1.625,-0.020,-1.23,2162200,3500348,
00896,20260909,兴胜创建,0.249,0.255,0.247,0.255,0.255,+0.000,+0.00,52878,13175,
00897,20260909,位元堂,,,,0.310,0.310,+0.000,+0.00,,,
00898,20260909,万事昌国际,,,,0.930,0.930,+0.000,+0.00,,,
00899,20260909,中加国信,,,,0.190,0.190,+0.000,+0.00,,,
00900,20260909,Aeon信贷,9.180,9.180,9.065,9.125,9.180,-0.055,-0.60,56000,512570,
00901,20260909,华曦达,70.750,73.600,64.600,69.050,70.750,-1.700,-2.40,235400,16469015,
00902,20260909,华能国际电力股份,5.760,5.975,5.755,5.895,5.765,+0.130,+2.25,44968065,265493760,
00905,20260909,胡桃资本,0.184,0.184,0.170,0.184,0.184,+0.000,+0.00,832000,146816,
00907,20260909,高雅光学,,,,0.061,0.061,+0.000,+0.00,,,
00909,20260909,明源云,1.125,1.125,1.060,1.065,1.145,-0.080,-6.99,10282000,11121217,
00910,20260909,中国三迪,0.023,0.023,0.018,0.021,0.023,-0.002,-8.70,7524500,155498,
00911,20260909,前海健康,0.440,0.445,0.440,0.445,0.475,-0.030,-6.32,21700,9564,
00912,20260909,信佳国际,1.060,1.060,1.045,1.045,1.070,-0.025,-2.34,12000,12690,
00913,20260909,港湾数字,,,,0.167,0.167,+0.000,+0.00,,,
00914,20260909,海螺水泥,16.840,17.000,16.690,16.970,16.840,+0.130,+0.77,10227818,172462500,
00915,20260909,道和环球,0.047,0.069,0.047,0.055,0.047,+0.008,+17.02,2875000,163497,
00916,20260909,龙源电力,5.430,5.520,5.360,5.495,5.430,+0.065,+1.20,24805277,135197980,
00917,20260909,趣致集团,8.795,8.795,7.850,7.850,8.790,-0.940,-10.69,11926500,96393575,
00918,20260909,龙翼航空科技,1.800,2.060,1.800,1.975,1.910,+0.065,+3.40,1038000,2043300,
00919,20260909,现代健康科技,0.080,0.080,0.079,0.080,0.081,-0.001,-1.23,48000,3836,
00921,20260909,海信家电,22.280,22.480,21.840,22.400,22.280,+0.120,+0.54,675000,15006640,
00922,20260909,安贤园中国,0.106,0.106,0.104,0.104,0.106,-0.002,-1.89,520020,54692,
00923,20260909,综合环保集团,0.017,0.017,0.016,0.017,0.017,+0.000,+0.00,5352000,87034,
00924,20260909,坤集团,,,,0.124,0.124,+0.000,+0.00,,,
00926,20260909,碧生源,2.360,2.360,2.360,2.360,2.360,+0.000,+0.00,3750,8828,
00927,20260909,富士高实业,0.450,0.450,0.435,0.435,0.450,-0.015,-3.33,6000,2670,
00928,20260909,帝王国际投资,0.137,0.147,0.137,0.146,0.137,+0.009,+6.57,2840008,409221,
00929,20260909,国际精密,0.510,0.515,0.505,0.505,0.530,-0.025,-4.72,450000,230625,
00931,20260909,中国港能,0.320,0.330,0.315,0.320,0.320,+0.000,+0.00,1810000,577110,
00932,20260909,顺腾国际控股,0.029,0.029,0.029,0.029,0.029,+0.000,+0.00,136000,3944,
00933,20260909,非凡领越,0.355,0.355,0.325,0.335,0.360,-0.025,-6.94,7395600,2480116,
00934,20260909,中石化冠德,3.805,3.805,3.750,3.800,3.765,+0.035,+0.93,434000,1644350,
00936,20260909,佳兆业资本,0.305,0.325,0.295,0.295,0.305,-0.010,-3.28,40000,12250,
00938,20260909,民生国际,0.400,0.400,0.400,0.400,0.395,+0.005,+1.27,12000,4800,
00939,20260909,建设银行,9.515,9.670,9.490,9.610,9.560,+0.050,+0.52,191158720,1833720800,
00941,20260909,中国移动,79.100,79.250,78.700,78.950,78.900,+0.050,+0.06,8352516,659605740,
00943,20260909,中证国际,0.146,0.146,0.146,0.146,0.142,+0.004,+2.82,21071,3046,
00945,20260909,宏利金融-S,341.600,341.600,341.000,341.400,345.200,-3.800,-1.10,7071,2413107,
00947,20260909,摩比发展,0.185,0.185,0.167,0.178,0.175,+0.003,+1.71,14200,2482,
00948,20260909,阿尔法企业,0.260,0.275,0.260,0.265,0.250,+0.015,+6.00,110000,29050,
00950,20260909,李氏大药厂,1.225,1.225,1.205,1.225,1.195,+0.030,+2.51,283500,344098,
00951,20260909,超威动力,1.130,1.135,1.100,1.120,1.125,-0.005,-0.44,422000,472555,
00952,20260909,华富建业金融,0.102,0.102,0.099,0.099,0.099,+0.000,+0.00,190000,19140,
00953,20260909,邵氏兄弟控股,0.169,0.170,0.165,0.170,0.170,+0.000,+0.00,1214000,203588,
00954,20260909,常茂生物,0.217,0.217,0.217,0.218,0.225,-0.007,-3.11,180000,40952,
00956,20260909,新天绿色能源,3.320,3.420,3.320,3.415,3.315,+0.100,+3.02,11499000,38994325,
00959,20260909,世纪娱乐国际,,,,0.720,0.720,+0.000,+0.00,,,
00960,20260909,龙湖集团,6.225,6.225,5.975,6.085,6.225,-0.140,-2.25,18762724,113763921,
00966,20260909,中国太平,21.400,21.920,21.160,21.500,21.360,+0.140,+0.66,5578200,120464966,
00968,20260909,信义光能,2.150,2.185,2.090,2.165,2.150,+0.015,+0.70,49484109,106449848,
00969,20260909,华联国际,0.074,0.300,0.074,0.145,0.068,+0.077,+113.24,49826000,8738584,
00970,20260909,新耀莱,0.375,0.400,0.355,0.390,0.360,+0.030,+8.33,368000,143690,
00974,20260909,中国顺客隆,0.630,0.730,0.585,0.730,0.730,+0.000,+0.00,45000,26515,
00975,20260909,MONGOL MINING,10.350,10.390,9.910,10.180,10.340,-0.160,-1.55,2721000,27459315,
00976,20260909,齐合环保,,,,0.430,0.430,+0.000,+0.00,,,
00978,20260909,招商局置地,0.239,0.240,0.239,0.238,0.238,+0.000,+0.00,382000,91378,
00979,20260909,绿色能源科技集团,0.400,0.400,0.340,0.340,0.425,-0.085,-20.00,1040000,385910,
00980,20260909,联华超市,0.395,0.395,0.350,0.380,0.355,+0.025,+7.04,21000,7755,
00981,20260909,中芯国际,65.950,66.450,64.600,65.000,65.350,-0.350,-0.54,40250604,2629483900,
00983,20260909,瑞安建业,0.535,0.535,0.510,0.535,0.530,+0.005,+0.94,404000,216040,
00984,20260909,永旺,0.260,0.260,0.245,0.245,0.260,-0.015,-5.77,14000,3525,
00986,20260909,杜甫酒业集团,0.270,0.270,0.270,0.270,0.275,-0.005,-1.82,25001,6750,
00987,20260909,中国再生能源投资,0.204,0.204,0.204,0.204,0.204,+0.000,+0.00,518461,105762,
00989,20260909,中国长白山国际,0.550,0.550,0.550,0.555,0.570,-0.015,-2.63,20000,11000,
00990,20260909,至源控股,0.610,0.610,0.595,0.605,0.605,+0.000,+0.00,16560000,9971400,
00991,20260909,大唐发电,2.665,2.840,2.645,2.815,2.641,+0.174,+6.59,79062800,220043900,
00992,20260909,联想集团,30.920,32.580,30.780,32.420,30.360,+2.060,+6.79,98772530,3142073900,
00993,20260909,信控国际资本,0.088,0.099,0.088,0.092,0.091,+0.001,+1.10,951000,93708,
00994,20260909,中天宏信,0.242,0.242,0.232,0.232,0.242,-0.010,-4.13,592000,138852,
00995,20260909,安徽皖通高速公路,16.230,16.280,15.520,15.740,15.950,-0.210,-1.32,442000,6974760,
00997,20260909,普汇中金国际,0.023,0.024,0.023,0.024,0.023,+0.001,+4.35,1000000,23120,
00998,20260909,中信银行,8.395,8.430,8.270,8.390,8.375,+0.015,+0.18,21320877,178357480,
00999,20260909,小菜园,8.250,8.260,7.745,7.995,8.130,-0.135,-1.66,1285300,10162431,
01000,20260909,北青传媒,,,,0.400,0.400,+0.000,+0.00,,,
01001,20260909,沪港联合,,,,0.360,0.360,+0.000,+0.00,,,
01002,20260909,威铖国际,0.048,0.051,0.048,0.051,0.050,+0.001,+2.00,1560000,77768,
01003,20260909,欢喜传媒,0.199,0.202,0.199,0.202,0.202,+0.000,+0.00,92694,18455,
01004,20260909,中国智慧能源,,,,0.161,0.164,-0.003,-1.83,9400,1414,
01005,20260909,美力时,0.420,0.420,0.420,0.420,0.385,+0.035,+9.09,2000,840,
01007,20260909,龙辉国际控股,,,,0.070,0.070,+0.000,+0.00,,,
01008,20260909,力图控股,,,,0.152,0.152,+0.000,+0.00,,,
01009,20260909,国际娱乐,1.500,1.500,1.500,1.500,1.500,+0.000,+0.00,120000,180000,
01010,20260909,天玺曜11,0.035,0.050,0.035,0.047,0.033,+0.014,+42.42,13970000,609014,
01011,20260909,泰凌医药,0.390,0.390,0.390,0.390,0.400,-0.010,-2.50,10000,3900,
01013,20260909,伟俊集团控股,0.400,0.405,0.400,0.405,0.375,+0.030,+8.00,90000,36250,
01015,20260909,STOCK1015,,,,,,,,,,
01016,20260909,STOCK1016,,,,,,,,,,
01017,20260909,STOCK1017,,,,,,,,,,
01018,20260909,STOCK1018,,,,,,,,,,
01020,20260909,中细软科技,0.260,0.265,0.240,0.249,0.260,-0.011,-4.23,15328000,3835940,
01021,20260909,华沿机器人,10.640,10.770,9.600,9.735,10.240,-0.505,-4.93,2730800,27653175,
01022,20260909,飞鱼科技,0.350,0.385,0.345,0.380,0.360,+0.020,+5.56,426000,150630,
01023,20260909,时代集团控股,0.465,0.465,0.465,0.470,0.475,-0.005,-1.05,127000,59055,
01024,20260909,快手-W,33.000,33.080,31.940,32.320,33.040,-0.720,-2.18,55588759,1796636500,
01025,20260909,嘉艺控股,0.193,0.195,0.185,0.189,0.199,-0.010,-5.03,2320000,443344,
01026,20260909,环球实业科技,,,,0.062,0.062,+0.000,+0.00,,,
01027,20260909,亚洲策略科技,2.875,2.875,2.805,2.800,2.800,+0.000,+0.00,3000,8510,
01028,20260909,千百度,1.045,1.050,1.000,1.015,1.040,-0.025,-2.40,1700000,1726005,
01029,20260909,铁货,0.410,0.420,0.410,0.420,0.410,+0.010,+2.44,112000,46920,
01030,20260909,新城发展,1.460,1.460,1.420,1.425,1.465,-0.040,-2.73,11594000,16639560,
01033,20260909,中石化油服,0.690,0.710,0.680,0.710,0.690,+0.020,+2.90,55051000,38375210,
01036,20260909,万科海外,1.750,1.800,1.750,1.800,1.800,+0.000,+0.00,75000,133455,
01037,20260909,云智汇科技,0.615,0.620,0.615,0.620,0.620,+0.000,+0.00,538000,331170,
01038,20260909,长江基建集团,64.950,66.350,64.950,66.300,65.150,+1.150,+1.77,1339750,88240022,
01039,20260909,畅由国际集团,0.053,0.073,0.053,0.054,0.049,+0.005,+10.20,373000,21772,
01044,20260909,恒安国际,21.760,21.760,21.220,21.360,21.580,-0.220,-1.02,6333413,135044750,
01045,20260909,亚太卫星,2.200,2.345,2.200,2.275,2.215,+0.060,+2.71,3850000,8812490,
01046,20260909,寰宇娱乐文化,0.940,1.020,0.900,0.980,0.940,+0.040,+4.26,44467600,42161951,
01047,20260909,毅兴行,,,,0.340,0.340,+0.000,+0.00,,,
01049,20260909,时富投资,,,,0.780,0.780,+0.000,+0.00,,,
01050,20260909,嘉利国际,1.960,2.080,1.950,2.080,1.930,+0.150,+7.77,3320000,6708650,
01051,20260909,国际资源,7.815,7.815,7.265,7.535,7.755,-0.220,-2.84,58000,441710,
01052,20260909,越秀交通基建,3.470,3.490,3.460,3.470,3.470,+0.000,+0.00,408000,1416410,
01053,20260909,重庆钢铁股份,0.910,0.920,0.905,0.915,0.915,+0.000,+0.00,1452000,1324480,
01055,20260909,中国南方航空股份,3.055,3.085,3.020,3.080,3.075,+0.005,+0.16,10718000,32814580,
01057,20260909,浙江世宝,3.990,4.000,3.925,3.925,3.975,-0.050,-1.26,2416000,9537450,
01058,20260909,南粤控股,,,,0.375,0.375,+0.000,+0.00,,,
01059,20260909,看通集团,,,,0.400,0.400,+0.000,+0.00,,,
01060,20260909,大麦娱乐,0.515,0.520,0.490,0.495,0.520,-0.025,-4.81,127551370,64500662,
01061,20260909,亿胜生物科技,2.130,2.150,2.120,2.150,2.170,-0.020,-0.92,375000,798045,
01062,20260909,国开国际投资,0.097,0.097,0.097,0.096,0.092,+0.004,+4.35,10000,970,
01063,20260909,新确科技,0.330,0.335,0.290,0.295,0.335,-0.040,-11.94,110240,33605,
01064,20260909,中华国际,0.058,0.128,0.058,0.082,0.048,+0.034,+70.83,22440000,2318457,
01065,20260909,天津创业环保股份,3.730,3.755,3.725,3.755,3.745,+0.010,+0.27,226000,846030,
01066,20260909,威高股份,3.250,3.260,3.215,3.235,3.250,-0.015,-0.46,4579086,14775528,
01068,20260909,雨润食品,0.073,0.077,0.073,0.076,0.075,+0.001,+1.33,1090000,82590,
01069,20260909,中国健康科技集团,0.249,0.255,0.249,0.255,0.249,+0.006,+2.41,210000,53140,
01070,20260909,TCL电子,16.540,16.950,16.410,16.730,16.650,+0.080,+0.48,3247929,54508333,
01071,20260909,华电国际电力股份,4.065,4.110,4.050,4.090,4.060,+0.030,+0.74,7032000,28718330,
01072,20260909,东方电气,20.200,21.300,20.080,21.160,20.080,+1.080,+5.38,8239600,172453860,
01073,20260909,大禹金融,0.100,0.100,0.100,0.100,0.100,+0.000,+0.00,12200,1198,
01075,20260909,首都信息,1.720,1.750,1.720,1.750,1.870,-0.120,-6.42,4000,6920,
01079,20260909,松景科技,0.217,0.217,0.217,0.217,0.217,+0.000,+0.00,10000,2170,
01080,20260909,胜利管道,0.054,0.058,0.053,0.057,0.057,+0.000,+0.00,610500,34142,
01081,20260909,大金重工,27.400,27.800,26.800,26.940,27.400,-0.460,-1.68,544100,14702629,
01082,20260909,源宇宙教育,0.970,1.000,0.970,1.000,0.970,+0.030,+3.09,96000,95080,
01083,20260909,港华智慧能源,3.100,3.100,3.010,3.035,3.090,-0.055,-1.78,4072000,12321790,
01084,20260909,绿新生物科技,,,,0.675,0.675,+0.000,+0.00,,,
01085,20260909,亨鑫科技,1.800,1.820,1.800,1.810,1.780,+0.030,+1.69,10000,18120,
01086,20260909,好孩子国际,1.105,1.105,1.085,1.100,1.105,-0.005,-0.45,2343000,2574268,
01087,20260909,威讯控股,1.400,1.450,1.395,1.450,1.370,+0.080,+5.84,254000,356420,
01088,20260909,中国神华,45.640,46.960,45.400,46.860,45.620,+1.240,+2.72,10442008,486367960,
01090,20260909,大明国际,0.660,0.660,0.660,0.660,0.670,-0.010,-1.49,68000,44880,
01091,20260909,南方锰业,0.380,0.380,0.375,0.375,0.375,+0.000,+0.00,3704000,1404570,
01093,20260909,石药集团,9.385,9.420,8.560,9.100,9.420,-0.320,-3.40,203238490,1826678000,
01094,20260909,承辉国际,0.385,0.385,0.365,0.375,0.390,-0.015,-3.85,1776000,665120,
01097,20260909,周大福媒体娱乐,0.065,0.065,0.063,0.064,0.065,-0.001,-1.54,2386031,152783,
01098,20260909,路劲,0.520,0.520,0.515,0.520,0.525,-0.005,-0.95,43000,22330,
01099,20260909,国药控股,15.880,15.930,15.600,15.700,16.030,-0.330,-2.06,5908433,92738050,
01100,20260909,飞达控股,1.340,1.340,1.300,1.305,1.300,+0.005,+0.38,12000,15720,
01101,20260909,华荣能源,,,,0.020,0.020,+0.000,+0.00,,,
01102,20260909,环能国际,0.101,0.104,0.097,0.099,0.103,-0.004,-3.88,712000,71480,
01104,20260909,亚太资源,2.140,2.180,2.060,2.140,2.145,-0.005,-0.23,6573835,13824815,
01105,20260909,星岛,,,,0.183,0.183,+0.000,+0.00,,,
01107,20260909,当代置业,,,,0.013,0.013,+0.000,+0.00,,,
01108,20260909,凯盛新能,2.225,2.230,2.215,2.215,2.225,-0.010,-0.45,370000,821860,
01109,20260909,华润置地,30.440,30.440,29.900,30.060,30.440,-0.380,-1.25,15783430,475214580,
01110,20260909,金活医药集团,0.420,0.420,0.395,0.405,0.405,+0.000,+0.00,2456000,995480,
01111,20260909,华视集团控股,0.246,0.246,0.246,0.246,0.245,+0.001,+0.41,92000,22128,
01112,20260909,H&H国际控股,18.800,18.800,17.830,18.000,18.400,-0.400,-2.17,2196141,39757804,
01113,20260909,长实集团,47.180,48.100,46.760,48.100,47.020,+1.080,+2.30,9237574,440967350,
01114,20260909,华晨中国,1.880,1.880,1.825,1.825,1.880,-0.055,-2.93,22556680,41487611,
01115,20260909,5100藏冰川,0.395,0.395,0.390,0.390,0.395,-0.005,-1.27,5810000,2274900,
01116,20260909,慧源同创科技,0.215,0.230,0.215,0.224,0.215,+0.009,+4.19,230000,50290,
01117,20260909,现代牧业,1.640,1.685,1.610,1.670,1.655,+0.015,+0.91,14846604,24644255,
01118,20260909,高力集团,,,,1.200,1.200,+0.000,+0.00,,,
01119,20260909,创梦天地,0.475,0.480,0.470,0.475,0.475,+0.000,+0.00,1049200,497022,
01120,20260909,雅视光学,,,,0.600,0.600,+0.000,+0.00,,,
01121,20260909,金阳新能源,0.360,0.360,0.360,0.360,0.350,+0.010,+2.86,2000,720,
01122,20260909,庆铃汽车股份,0.490,0.495,0.490,0.490,0.505,-0.015,-2.97,686000,338750,
01123,20260909,中港照相,0.136,0.140,0.136,0.140,0.140,+0.000,+0.00,32000,4368,
01124,20260909,沿海家园,,,,0.110,0.110,+0.000,+0.00,,,
01125,20260909,丽丰控股,,,,0.685,0.685,+0.000,+0.00,,,
01126,20260909,德林国际,6.730,6.735,6.340,6.355,6.450,-0.095,-1.47,312500,2004830,
01127,20260909,狮子山集团,1.215,1.215,1.200,1.200,1.185,+0.015,+1.27,136000,163260,
01128,20260909,永利澳门,5.620,5.620,5.505,5.605,5.542,+0.063,+1.14,2581200,14365012,
01129,20260909,中国水业集团,,,,0.163,0.163,+0.000,+0.00,,,
01130,20260909,中国环境资源,,,,0.550,0.550,+0.000,+0.00,,,
01132,20260909,橙天嘉禾,0.091,0.095,0.089,0.095,0.087,+0.008,+9.20,190000,17320,
01133,20260909,哈尔滨电气,15.150,16.020,14.920,15.850,15.160,+0.690,+4.55,11446089,180450110,
01134,20260909,恒发光学,0.239,0.239,0.239,0.239,0.241,-0.002,-0.83,16000,3836,
01137,20260909,香港科技探索,1.025,1.030,1.020,1.020,1.030,-0.010,-0.97,57000,58370,
01138,20260909,中远海能,17.990,19.310,17.900,18.910,17.990,+0.920,+5.11,32525449,611398130,
01140,20260909,华科智能投资,0.111,0.114,0.110,0.114,0.111,+0.003,+2.70,684000,75952,
01141,20260909,民银资本,0.685,0.695,0.675,0.695,0.685,+0.010,+1.46,974007,664164,
01142,20260909,能源及能量环球,0.088,0.090,0.086,0.090,0.090,+0.000,+0.00,1292000,112922,
01145,20260909,勇利投资,0.136,0.139,0.134,0.139,0.140,-0.001,-0.71,280000,37780,
01146,20260909,汇成国际控股,0.059,0.060,0.055,0.058,0.057,+0.001,+1.75,652000,36440,
01147,20260909,伊登软件,0.104,0.104,0.099,0.101,0.104,-0.003,-2.88,1980000,200140,
01148,20260909,新晨动力,0.247,0.247,0.212,0.220,0.217,+0.003,+1.38,125000,27519,
01150,20260909,米兰站,0.072,0.076,0.071,0.074,0.082,-0.008,-9.76,190000,13890,
01152,20260909,正乾金融控股,0.226,0.230,0.220,0.230,0.231,-0.001,-0.43,2418000,543398,
01153,20260909,佳源服务,0.365,,,0.360,0.360,+0.000,+0.00,6000,2190,
01156,20260909,CHINANEWENERGY,0.305,0.305,0.270,0.285,0.290,-0.005,-1.72,2792000,765420,
01157,20260909,中联重科,6.000,6.150,5.960,6.150,6.025,+0.125,+2.07,3406180,20773375,
01159,20260909,智数科技集团,2.500,2.500,2.000,2.480,2.510,-0.030,-1.20,8000,18960,
01160,20260909,金石资本集团,,,,0.400,0.400,+0.000,+0.00,,,
01161,20260909,奥思集团,,,,1.250,1.255,-0.005,-0.40,2000,2500,
01162,20260909,莹岚集团,,,,0.255,0.255,+0.000,+0.00,,,
01163,20260909,虎视传媒,,,,0.156,0.156,+0.000,+0.00,,,
01164,20260909,中广核矿业,2.510,2.645,2.410,2.600,2.430,+0.170,+7.00,58226974,148563440,
01165,20260909,顺风清洁能源,,,,0.024,0.024,+0.000,+0.00,,,
01166,20260909,星凯控股,0.170,0.179,0.170,0.179,0.169,+0.010,+5.92,50032,8775,
01167,20260909,加科思-B,6.125,6.315,6.050,6.130,6.120,+0.010,+0.16,1055400,6510201,
01168,20260909,Z FIN,5.180,5.360,5.100,5.100,5.185,-0.085,-1.64,509797,2642116,
01170,20260909,信星集团,0.400,0.400,0.400,0.400,0.400,+0.000,+0.00,4000,1600,
01171,20260909,兖矿能源,13.450,13.890,13.310,13.790,13.420,+0.370,+2.76,35782761,489771090,
01172,20260909,融太集团,0.017,0.017,0.016,0.017,0.018,-0.001,-5.56,1320000,22160,
01173,20260909,威高国际,,,,0.025,0.025,+0.000,+0.00,,,
01176,20260909,珠光控股,0.021,0.025,0.020,0.020,0.020,+0.000,+0.00,43452000,938830,
01177,20260909,中国生物制药,5.770,5.810,5.570,5.610,5.845,-0.235,-4.02,97678199,553944760,
01179,20260909,华住集团-S,34.880,34.880,34.280,34.380,35.200,-0.820,-2.33,1588000,54893994,
01180,20260909,汇彩控股,0.930,0.965,0.925,0.945,0.925,+0.020,+2.16,1464000,1363240,
01181,20260909,唐宫中国,,,,0.101,0.102,-0.001,-0.98,,,
01182,20260909,胜龙国际,,,,0.695,0.695,+0.000,+0.00,,,
01183,20260909,澳能建设,0.126,0.127,0.125,0.126,0.130,-0.004,-3.08,259250,32547,
01184,20260909,时捷集团,8.880,8.950,8.845,8.850,8.800,+0.050,+0.57,50000,444520,
01186,20260909,中国铁建,4.475,4.475,4.435,4.445,4.460,-0.015,-0.34,5834500,25954588,
01187,20260909,可孚医疗,32.280,32.280,31.380,31.560,31.840,-0.280,-0.88,13700,432672,
01188,20260909,正道集团,,,,0.012,0.012,+0.000,+0.00,,,
01191,20260909,海光芯正,162.000,195.000,152.100,153.900,150.000,+3.900,+2.60,5791696,992194170,
01193,20260909,华润燃气,17.480,17.630,17.210,17.370,17.510,-0.140,-0.80,5318205,92301180,
01195,20260909,京维集团,0.017,0.018,0.016,0.018,0.017,+0.001,+5.88,5448000,90548,
01196,20260909,伟禄科技股份,10.500,11.150,10.210,10.910,10.530,+0.380,+3.61,14060633,149479810,
01198,20260909,皇朝家居,,,,0.086,0.086,+0.000,+0.00,,,
01199,20260909,中远海运港口,5.700,5.870,5.665,5.860,5.700,+0.160,+2.81,12670070,73682681,
01200,20260909,美联集团,1.860,1.880,1.795,1.820,1.895,-0.075,-3.96,2140000,3902090,
01201,20260909,天臣控股,2.050,2.090,2.000,2.090,2.050,+0.040,+1.95,156000,319185,
01202,20260909,四威科技,1.495,1.495,1.475,1.485,1.495,-0.010,-0.67,46000,68440,
01203,20260909,广南(集团),,,,0.660,0.660,+0.000,+0.00,,,
01204,20260909,博维智慧,,,,1.840,1.840,+0.000,+0.00,,,
01205,20260909,中信资源,0.510,0.520,0.505,0.515,0.505,+0.010,+1.98,5071950,2607457,
01206,20260909,同方泰德,,,,0.190,0.190,+0.000,+0.00,,,
01208,20260909,五矿资源,9.600,9.900,9.420,9.780,9.620,+0.160,+1.66,54294747,525525860,
01209,20260909,华润万象生活,40.540,40.860,40.080,40.560,40.800,-0.240,-0.59,6082441,246310100,
01211,20260909,比亚迪股份,83.350,83.500,81.450,81.800,83.850,-2.050,-2.44,27604650,2266832400,
01213,20260909,万保刚集团,,,,0.490,0.485,+0.005,+1.03,,,
01215,20260909,开源控股,0.018,0.018,0.018,0.018,0.018,+0.000,+0.00,800000,14400,
01216,20260909,中原银行,0.290,0.290,0.285,0.285,0.290,-0.005,-1.72,55000,15935,
01217,20260909,中国创新投资,,,,0.010,0.010,+0.000,+0.00,,,
01218,20260909,永义国际,,,,,,,,,,
01220,20260909,志道国际,,,,0.056,0.056,+0.000,+0.00,,,
01221,20260909,信和酒店,,,,1.560,1.560,+0.000,+0.00,,,
01222,20260909,宏安集团,0.021,0.022,0.021,0.022,0.022,+0.000,+0.00,2020000,42440,
01223,20260909,新沣集团,1.370,1.390,1.330,1.350,1.325,+0.025,+1.89,5030000,6818500,
01224,20260909,中渝置地,1.185,1.185,1.185,1.185,1.180,+0.005,+0.42,19000,22515,
01225,20260909,隆成金融,,,,0.242,0.242,+0.000,+0.00,,,
01226,20260909,中国投融资,,,,0.795,0.795,+0.000,+0.00,,,
01228,20260909,北海康成-B,1.950,1.950,1.840,1.890,1.835,+0.055,+3.00,260000,485345,
01229,20260909,南南资源,0.168,0.174,0.158,0.174,0.168,+0.006,+3.57,30000,5042,
01231,20260909,新矿资源,,,,0.320,0.320,+0.000,+0.00,,,
01232,20260909,金轮天地控股,0.425,0.480,0.425,0.480,0.360,+0.120,+33.33,49000,22638,
01233,20260909,时代中国控股,0.048,0.049,0.045,0.048,0.048,+0.000,+0.00,13131000,620906,
01234,20260909,中国利郎,2.890,2.910,2.890,2.900,2.900,+0.000,+0.00,126000,365585,
01235,20260909,专业旅运,,,,0.192,0.192,+0.000,+0.00,,,
01236,20260909,乐动机器人,32.700,32.700,30.000,30.600,30.700,-0.100,-0.33,473200,14358356,
01237,20260909,中科生物,,,,0.790,0.790,+0.000,+0.00,,,
01238,20260909,宝龙地产,0.156,0.161,0.152,0.160,0.161,-0.001,-0.62,929000,144840,
01239,20260909,TEAMWAY INTL GP,0.250,0.250,0.250,0.250,0.255,-0.005,-1.96,20000,5000,
01240,20260909,青建国际,0.180,0.180,0.180,0.186,0.185,+0.001,+0.54,35000,6300,
01241,20260909,双桦控股,0.145,0.155,0.140,0.155,0.157,-0.002,-1.27,112000,16250,
01243,20260909,宏安地产,,,,0.032,0.032,+0.000,+0.00,,,
01244,20260909,思路迪医药股份,2.300,2.395,2.255,2.305,2.430,-0.125,-5.14,46000,105720,
01245,20260909,NIRAKU,0.223,0.227,0.214,0.223,0.222,+0.001,+0.45,1096000,244162,
01247,20260909,米格国际控股,0.995,0.995,0.970,0.975,0.980,-0.005,-0.51,186000,182040,
01250,20260909,山高新能源,1.060,1.070,1.060,1.070,1.045,+0.025,+2.39,3000,3200,
01251,20260909,华油能源,0.171,0.171,0.171,0.171,0.170,+0.001,+0.59,150000,25650,
01252,20260909,中国天瑞水泥,,,,0.240,0.240,+0.000,+0.00,,,
01253,20260909,绿博生态,0.093,0.093,0.093,0.094,0.103,-0.009,-8.74,12000,1116,
01255,20260909,TATA健康,2.070,2.100,2.070,2.100,2.070,+0.030,+1.45,10000,20880,
01257,20260909,中国光大绿色环保,0.780,0.780,0.780,0.780,0.780,+0.000,+0.00,25000,19500,
01258,20260909,中国有色矿业,17.300,17.830,17.220,17.710,17.180,+0.530,+3.08,18746381,328942560,
01259,20260909,未来发展控股,0.033,0.035,0.033,0.035,0.034,+0.001,+2.94,914000,31988,
01260,20260909,皓天财经集团,0.380,0.395,0.350,0.395,0.395,+0.000,+0.00,106000,38570,
01262,20260909,蜡笔小新食品,,,,3.120,3.120,+0.000,+0.00,,,
01265,20260909,天津津燃公用,0.150,0.150,0.136,0.146,0.150,-0.004,-2.67,550000,81640,
01268,20260909,美东汽车,0.310,0.320,0.300,0.310,0.325,-0.015,-4.62,1786324,554722,
01269,20260909,首控集团,0.042,0.044,0.037,0.044,0.046,-0.002,-4.35,194000,7969,
01270,20260909,朗廷-SS,0.465,0.465,0.460,0.460,0.465,-0.005,-1.08,74000,34120,
01271,20260909,佳明集团控股,0.290,0.290,0.290,0.290,0.290,+0.000,+0.00,2000,580,
01272,20260909,大唐环境,1.085,1.095,1.085,1.095,1.095,+0.000,+0.00,62000,67410,
01273,20260909,香港信贷,,,,0.715,0.715,+0.000,+0.00,,,
01274,20260909,知行科技,2.250,2.415,2.115,2.295,2.290,+0.005,+0.22,160900,361551,
01276,20260909,恒瑞医药,46.520,46.820,45.500,45.940,46.320,-0.380,-0.82,1806882,82713062,
01277,20260909,力量发展,2.050,2.150,2.030,2.130,2.035,+0.095,+4.67,22380000,46994634,
01278,20260909,中国新城镇,0.066,0.070,0.065,0.070,0.067,+0.003,+4.48,204998,13885,
01280,20260909,奇点国峰,2.870,3.205,2.870,2.980,3.030,-0.050,-1.65,1080200,3262513,
01281,20260909,鑫达投资控股,,,,0.092,0.092,+0.000,+0.00,,,
01282,20260909,中泽丰,0.092,0.118,0.092,0.101,0.083,+0.018,+21.69,3533000,388622,
01283,20260909,高陞集团控股,1.850,1.850,1.740,1.795,1.855,-0.060,-3.23,330000,601675,
01284,20260909,新传企划,0.500,0.500,0.500,0.500,0.500,+0.000,+0.00,145000,72500,
01285,20260909,嘉士利集团,1.610,1.720,1.610,1.680,1.605,+0.075,+4.67,406000,683320,
01286,20260909,鹰普精密,8.020,8.595,8.020,8.435,7.995,+0.440,+5.50,6273767,52703263,
01288,20260909,农业银行,6.250,6.390,6.200,6.300,6.300,+0.000,+0.00,82352619,518982880,
01289,20260909,盛力达科技,1.920,1.920,1.800,1.860,1.920,-0.060,-3.13,39000,73360,
01290,20260909,中国汇融,0.590,0.590,0.590,0.590,0.575,+0.015,+2.61,2000,1180,
01292,20260909,长安民生物流,1.860,1.860,1.855,1.860,1.900,-0.040,-2.11,53000,98550,
01293,20260909,广汇宝信,,,,0.086,0.086,+0.000,+0.00,,,
01298,20260909,云能国际,,,,1.115,1.115,+0.000,+0.00,,,
01299,20260909,友邦保险,76.500,77.150,76.300,76.950,76.900,+0.050,+0.07,23853046,1833491500,
01300,20260909,俊知集团,2.065,2.190,2.065,2.125,1.980,+0.145,+7.32,5890000,12600710,
01301,20260909,德基科技控股,0.290,0.345,0.290,0.310,0.300,+0.010,+3.33,236000,72480,
01302,20260909,先健科技,1.375,1.375,1.345,1.350,1.375,-0.025,-1.82,8852000,11960010,
01303,20260909,汇力资源,0.173,0.183,0.173,0.174,0.179,-0.005,-2.79,236000,41362,
01304,20260909,峰岹科技,117.800,120.400,116.000,118.400,114.900,+3.500,+3.05,135300,16004910,
01305,20260909,伟志控股,0.850,0.850,0.850,0.850,0.810,+0.040,+4.94,24000,20400,
01308,20260909,海丰国际,44.400,45.480,43.840,45.100,44.960,+0.140,+0.31,6497662,292223760,
01310,20260909,香港宽频,5.470,5.555,5.470,5.540,5.480,+0.060,+1.09,496000,2729640,
01312,20260909,华控康泰,0.034,0.034,0.032,0.034,0.034,+0.000,+0.00,198000,6684,
01313,20260909,华润建材科技,1.020,1.025,1.005,1.025,1.030,-0.005,-0.49,8377956,8496182,
01314,20260909,翠华控股,0.180,0.180,0.177,0.179,0.179,+0.000,+0.00,24000,4314,
01315,20260909,绿色经济,0.100,0.100,0.100,0.100,0.097,+0.003,+3.09,100000,10000,
01316,20260909,耐世特,4.850,4.860,4.740,4.845,4.855,-0.010,-0.21,8622949,41444893,
01317,20260909,枫叶教育,0.168,0.174,0.162,0.174,0.170,+0.004,+2.35,60000,9912,
01318,20260909,毛戈平,50.850,50.850,48.500,48.760,50.400,-1.640,-3.25,1474500,72172847,
01319,20260909,霭华押业信贷,0.280,0.280,0.280,0.280,0.290,-0.010,-3.45,80000,22400,
01321,20260909,中国新城市,0.655,0.700,0.655,0.700,0.600,+0.100,+16.67,46000,31030,
01323,20260909,华盛国际控股,,,,0.183,0.183,+0.000,+0.00,,,
01326,20260909,传递娱乐,,,,0.027,0.027,+0.000,+0.00,,,
01327,20260909,励时集团,1.550,1.550,1.550,1.550,1.650,-0.100,-6.06,60000,93000,
01328,20260909,金涌投资,3.515,3.515,3.420,3.510,3.430,+0.080,+2.33,34000,116740,
01330,20260909,绿色动力环保,6.150,6.180,6.110,6.175,6.150,+0.025,+0.41,705000,4336885,
01332,20260909,透云生物,0.152,0.159,0.152,0.159,0.157,+0.002,+1.27,901250,140931,
01333,20260909,博雷顿,12.190,12.190,12.000,12.030,12.030,+0.000,+0.00,451600,5446254,
01334,20260909,瑞昌国际控股,1.080,1.085,0.990,0.995,1.070,-0.075,-7.01,597500,621813,
01335,20260909,顺泰控股,0.098,0.108,0.098,0.108,0.110,-0.002,-1.82,82000,8056,
01336,20260909,新华保险,47.800,48.940,47.380,48.100,47.760,+0.340,+0.71,5323819,257167690,
01338,20260909,霸王集团,0.030,0.031,0.030,0.031,0.030,+0.001,+3.33,26000,788,
01339,20260909,中国人民保险集团,5.825,5.920,5.810,5.855,5.900,-0.045,-0.76,57912461,339061000,
01340,20260909,惠生国际,0.485,0.485,0.485,0.485,0.500,-0.015,-3.00,10000,4850,
01341,20260909,昊天国际建投,,,,0.016,0.016,+0.000,+0.00,,,
01343,20260909,伟源控股,0.129,0.130,0.127,0.128,0.130,-0.002,-1.54,250000,32030,
01345,20260909,上海先锋控股,2.200,2.200,2.200,2.195,2.200,-0.005,-0.23,20000,43950,
01346,20260909,利华控股集团,1.350,1.350,1.350,1.350,1.345,+0.005,+0.37,20000,27000,
01347,20260909,华虹宏力,112.200,115.900,110.800,111.600,111.000,+0.600,+0.54,14281524,1611201300,
01348,20260909,滉达富控股,0.175,0.188,0.169,0.184,0.166,+0.018,+10.84,784000,137870,
01349,20260909,复旦张江,2.505,2.575,2.505,2.540,2.520,+0.020,+0.79,1210000,3064815,
01351,20260909,辉煌明天,0.163,0.170,0.163,0.166,0.167,-0.001,-0.60,870000,145414,
01354,20260909,经发物业,2.800,2.870,2.800,2.850,2.880,-0.030,-1.04,93600,267077,
01355,20260909,生物系统工程,0.133,0.138,0.125,0.138,0.137,+0.001,+0.73,2900000,387940,
01357,20260909,美图公司,4.680,4.680,4.360,4.430,4.750,-0.320,-6.74,110837200,495044590,
01358,20260909,普华和顺,0.970,0.980,0.965,0.980,0.965,+0.015,+1.55,605000,586795,
01359,20260909,中国信达,0.915,0.915,0.895,0.900,0.910,-0.010,-1.10,36755950,33152922,
01361,20260909,361度,4.545,4.545,4.480,4.500,4.545,-0.045,-0.99,1710000,7698275,
01362,20260909,新龙移动,,,,0.795,0.795,+0.000,+0.00,,,
01364,20260909,古茗,24.500,24.520,23.380,24.000,24.720,-0.720,-2.91,18244269,432277810,
01368,20260909,特步国际,3.550,3.550,3.435,3.470,3.530,-0.060,-1.70,10565500,36625363,
01370,20260909,奥威控股,0.190,0.190,0.146,0.160,0.190,-0.030,-15.79,267000,40420,
01371,20260909,中国生态旅游,1.150,1.150,1.150,1.150,1.270,-0.120,-9.45,3077,3462,
01372,20260909,中国碳中和,1.320,1.400,1.255,1.305,1.335,-0.030,-2.25,1875000,2522100,
01373,20260909,国际家居零售,0.660,0.660,0.655,0.655,0.665,-0.010,-1.50,72000,47325,
01375,20260909,中州证券,1.735,1.750,1.720,1.750,1.730,+0.020,+1.16,6388000,11086980,
01376,20260909,RAFFLESINTERIOR,,,,0.096,0.096,+0.000,+0.00,,,
01377,20260909,鼎泰高科,340.600,355.000,327.000,328.000,336.400,-8.400,-2.50,161700,55346920,
01378,20260909,中国宏桥,23.700,24.660,23.500,24.460,23.520,+0.940,+4.00,38480624,928619350,
01379,20260909,温岭工量刃具,1.850,1.850,1.850,1.850,1.730,+0.120,+6.94,58000,107300,
01380,20260909,中国金石,0.425,0.425,0.415,0.415,0.400,+0.015,+3.75,120000,50250,
01382,20260909,互太纺织,0.950,0.950,0.935,0.940,0.950,-0.010,-1.05,484000,459125,
01384,20260909,滴普科技,34.180,34.940,32.900,34.700,34.620,+0.080,+0.23,6084800,204962350,
01385,20260909,上海复旦,25.980,26.360,25.720,25.960,25.820,+0.140,+0.54,1096111,28517668,
01388,20260909,安莉芳控股,,,,0.270,0.270,+0.000,+0.00,,,
01389,20260909,美捷汇控股,0.485,0.485,0.485,0.485,0.485,+0.000,+0.00,24000,11640,
01392,20260909,海清智元,21.180,22.180,19.570,20.000,21.080,-1.080,-5.12,1512500,31271380,
01393,20260909,恒鼎实业,0.029,0.029,0.027,0.028,0.029,-0.001,-3.45,5394000,149979,
01395,20260909,强泰环保,,,,0.134,0.134,+0.000,+0.00,,,
01396,20260909,粤港湾智算,11.770,12.100,11.530,11.800,11.770,+0.030,+0.25,4037400,47838112,
01397,20260909,碧瑶绿色集团,0.740,0.740,0.740,0.740,0.740,+0.000,+0.00,8000,5920,
01398,20260909,工商银行,7.480,7.585,7.435,7.545,7.510,+0.035,+0.47,91714995,689785400,
01399,20260909,锐信控股,0.375,0.390,0.365,0.390,0.365,+0.025,+6.85,88000,33100,
01400,20260909,满地科技股份,0.024,0.024,0.022,0.022,0.023,-0.001,-4.35,97720000,2274710,
01401,20260909,未来机器有限公司,0.244,0.244,0.236,0.236,0.245,-0.009,-3.67,430000,102346,
01402,20260909,超智能控股,0.360,0.385,0.335,0.380,0.395,-0.015,-3.80,870000,305250,
01405,20260909,达势股份,30.800,30.800,29.680,30.360,30.740,-0.380,-1.24,300600,9027430,
01406,20260909,清晰医疗,,,,0.355,0.355,+0.000,+0.00,,,
01407,20260909,交运燃气,0.680,0.680,0.660,0.670,0.680,-0.010,-1.47,170000,113880,
01408,20260909,濠江机电,0.365,0.370,0.365,0.370,0.365,+0.005,+1.37,348000,127880,
01410,20260909,安领国际,0.825,0.830,0.810,0.810,0.820,-0.010,-1.22,1390000,1143350,
01412,20260909,隽思集团,1.050,1.120,1.050,1.050,1.050,+0.000,+0.00,200000,213500,
01413,20260909,铸帝控股,0.240,0.244,0.230,0.239,0.228,+0.011,+4.82,854000,203518,
01415,20260909,高伟电子,23.800,24.580,23.800,24.500,23.940,+0.560,+2.34,1388000,33809900,
01416,20260909,CTR HOLDINGS,0.185,0.185,0.185,0.185,0.185,+0.000,+0.00,260000,48100,
01417,20260909,浦江中国,5.170,5.195,4.800,4.800,5.170,-0.370,-7.16,894000,4400770,
01418,20260909,盛诺集团,0.115,0.123,0.104,0.123,0.116,+0.007,+6.03,2562000,276004,
01419,20260909,盈健医疗,0.775,0.775,0.770,0.770,0.765,+0.005,+0.65,102000,79040,
01420,20260909,川控股,0.270,0.270,0.265,0.270,0.270,+0.000,+0.00,156000,41940,
01421,20260909,恒昌集团国际,0.625,0.625,0.580,0.590,0.600,-0.010,-1.67,20000,11850,
01425,20260909,捷隆控股,0.605,0.615,0.595,0.605,0.605,+0.000,+0.00,1935000,1173675,
01427,20260909,中国天保集团,0.195,0.196,0.182,0.183,0.198,-0.015,-7.58,21000,4095,
01428,20260909,耀才证券金融,7.240,7.300,7.150,7.245,7.245,+0.000,+0.00,2956900,21337229,
01429,20260909,天任集团,0.196,0.213,0.193,0.206,0.196,+0.010,+5.10,2824000,568304,
01431,20260909,原生态牧业,0.320,0.325,0.320,0.325,0.325,+0.000,+0.00,464000,148775,
01432,20260909,中国圣牧-PF,0.355,0.360,0.350,0.355,0.360,-0.005,-1.39,350000,124385,
01433,20260909,常达控股,,,,0.081,0.081,+0.000,+0.00,,,
01440,20260909,应星控股,9.730,15.500,9.455,11.340,9.700,+1.640,+16.91,9025820,113011114,
01442,20260909,鹰辉物流,,,,0.280,0.280,+0.000,+0.00,,,
01443,20260909,富临集团控股,0.065,0.082,0.061,0.071,0.065,+0.006,+9.23,15352000,1120896,
01446,20260909,鸿福堂,0.310,0.310,0.275,0.280,0.305,-0.025,-8.20,4000,1170,
01447,20260909,新福港,0.540,0.540,0.540,0.540,0.540,+0.000,+0.00,10000,5400,
01448,20260909,福寿园,,,,2.640,2.640,+0.000,+0.00,,,
01449,20260909,立德教育,1.400,1.460,1.400,1.455,1.395,+0.060,+4.30,2027000,2877295,
01450,20260909,交个朋友控股,0.780,0.780,0.770,0.780,0.780,+0.000,+0.00,86300,67191,
01451,20260909,万成集团股份,1.280,1.280,1.230,1.230,1.250,-0.020,-1.60,50000,63390,
01452,20260909,迪诺斯环保,0.210,0.210,0.207,0.207,0.205,+0.002,+0.98,38000,7938,
01455,20260909,科利实业控股,0.270,0.270,0.255,0.260,0.265,-0.005,-1.89,330000,86625,
01456,20260909,国联民生,3.860,3.890,3.845,3.875,3.865,+0.010,+0.26,1380500,5334435,
01458,20260909,周黑鸭,1.260,1.285,1.240,1.275,1.270,+0.005,+0.39,605001,762816,
01459,20260909,巨匠建设,,,,0.191,0.189,+0.002,+1.06,,,
01460,20260909,扬科集团,0.260,0.260,0.260,0.260,0.265,-0.005,-1.89,856000,222560,
01461,20260909,中泰期货,,,,0.680,0.680,+0.000,+0.00,138000,94130,
01463,20260909,C-LINK SQ,,,,0.380,0.380,+0.000,+0.00,,,
01466,20260909,佰金生命科学,1.175,1.260,1.175,1.250,1.175,+0.075,+6.38,732000,891280,
01468,20260909,嘉高达资本,0.193,0.195,0.187,0.193,0.193,+0.000,+0.00,291600,56048,
01470,20260909,富一国际控股,0.104,0.104,0.104,0.104,0.104,+0.000,+0.00,32000,3328,
01471,20260909,众淼控股,7.800,7.800,7.800,7.800,8.000,-0.200,-2.50,6900,53820,
01472,20260909,生兴控股,0.102,0.102,0.101,0.101,0.102,-0.001,-0.98,465000,47125,
01473,20260909,环联连讯,1.170,1.240,1.170,1.185,1.190,-0.005,-0.42,1220000,1459400,
01475,20260909,日清食品,6.495,6.515,6.475,6.515,6.500,+0.015,+0.23,33000,214525,
01476,20260909,金融街证券,,,,1.200,1.200,+0.000,+0.00,,,
01477,20260909,欧康维视生物-B,5.370,5.380,5.330,5.365,5.315,+0.050,+0.94,95500,511265,
01478,20260909,丘钛科技,5.800,5.800,5.680,5.750,5.720,+0.030,+0.52,3337000,19108935,
01480,20260909,恩达集团控股,1.035,1.045,1.030,1.045,1.035,+0.010,+0.97,66000,68390,
01481,20260909,竣球控股,,,,1.460,1.460,+0.000,+0.00,,,
01483,20260909,网誉科技,1.125,1.130,1.125,1.130,1.125,+0.005,+0.44,32000,36100,
01486,20260909,思城控股,,,,0.390,0.390,+0.000,+0.00,,,
01488,20260909,百福控股,,,,0.930,0.930,+0.000,+0.00,,,
01489,20260909,GC CONSTRUCTION,2.345,2.450,2.280,2.450,2.280,+0.170,+7.46,3180000,7549275,
01490,20260909,AI X TECH,0.249,0.249,0.247,0.248,0.249,-0.001,-0.40,104000,25788,
01496,20260909,亚积邦租赁,,,,0.190,0.190,+0.000,+0.00,,,
01497,20260909,燕之屋,6.490,6.790,6.050,6.790,6.490,+0.300,+4.62,79200,497324,
01498,20260909,培力农本方,0.260,0.270,0.240,0.260,0.260,+0.000,+0.00,133000,33813,
01499,20260909,欧科云链,0.119,0.126,0.116,0.126,0.122,+0.004,+3.28,440000,52400,
01500,20260909,现恒建筑,0.380,0.395,0.380,0.385,0.380,+0.005,+1.32,275000,106300,
01501,20260909,瑛泰医疗,32.600,33.860,32.600,33.560,33.000,+0.560,+1.70,153600,5154524,
01502,20260909,金融街物业,1.960,1.960,1.925,1.930,1.960,-0.030,-1.53,115000,223510,
01508,20260909,中国再保险,1.270,1.275,1.250,1.265,1.280,-0.015,-1.17,19040000,24007455,
01511,20260909,驭势科技,57.300,58.000,53.500,53.650,56.800,-3.150,-5.55,424200,23473783,
01513,20260909,丽珠医药,21.000,21.360,20.900,21.240,21.020,+0.220,+1.05,1269100,26918872,
01515,20260909,华润医疗,2.555,2.585,2.530,2.570,2.570,+0.000,+0.00,2047000,5233103,
01516,20260909,融创服务,0.820,0.825,0.805,0.805,0.825,-0.020,-2.42,1203351,981299,
01518,20260909,新世纪医疗,0.249,0.249,0.249,0.249,0.249,+0.000,+0.00,1000,249,
01519,20260909,极兔速递-W,9.655,9.680,9.550,9.615,9.655,-0.040,-0.41,11241276,108204891,
01520,20260909,天机控股,0.745,0.745,0.735,0.745,0.745,+0.000,+0.00,66000,48750,
01521,20260909,方达控股,1.200,1.200,1.180,1.180,1.260,-0.080,-6.35,26000,31150,
01522,20260909,京投交通科技,0.226,0.226,0.218,0.221,0.228,-0.007,-3.07,740500,164115,
01523,20260909,珩湾科技,7.180,7.285,7.165,7.190,7.270,-0.080,-1.10,557000,4017222,
01525,20260909,建桥教育,2.340,2.370,2.340,2.340,2.340,+0.000,+0.00,155500,364620,
01526,20260909,瑞慈医疗,0.800,0.830,0.790,0.830,0.805,+0.025,+3.11,128000,102755,
01527,20260909,天洁环境,2.180,2.180,2.180,2.180,2.180,+0.000,+0.00,4000,8720,
01528,20260909,红星美凯龙,1.120,1.120,1.095,1.105,1.115,-0.010,-0.90,1121200,1239882,
01529,20260909,乐氏国际控股,0.920,0.925,0.870,0.895,0.925,-0.030,-3.24,200000,179800,
01530,20260909,三生制药,16.340,16.340,15.930,16.150,16.430,-0.280,-1.70,16834177,271300030,
01532,20260909,中国派对文化,,,,0.150,0.147,+0.003,+2.04,,,
01536,20260909,煜荣集团,0.465,0.570,0.465,0.540,0.455,+0.085,+18.68,15496000,8096010,
01538,20260909,中奥到家,0.800,0.815,0.770,0.810,0.800,+0.010,+1.25,1150000,912900,
01539,20260909,知行集团控股,0.315,0.320,0.315,0.320,0.325,-0.005,-1.54,262000,82550,
01540,20260909,澳狮环球,0.675,0.690,0.675,0.690,0.665,+0.025,+3.76,765000,520590,
01541,20260909,宜明昂科-B,3.450,3.585,3.375,3.400,3.480,-0.080,-2.30,214200,731688,
01542,20260909,台州水务,0.700,0.775,0.650,0.700,0.675,+0.025,+3.70,229000,149835,
01543,20260909,中盈盛达融资担保,,,,0.188,0.188,+0.000,+0.00,,,
01545,20260909,设计都会,0.157,0.159,0.157,0.159,0.157,+0.002,+1.27,370000,58510,
01546,20260909,德莱建业,0.120,0.120,0.115,0.117,0.122,-0.005,-4.10,320000,37776,
01547,20260909,IBI GROUP HLDGS,,,,0.219,0.219,+0.000,+0.00,,,
01548,20260909,金斯瑞生物科技,33.820,35.000,32.740,33.680,34.680,-1.000,-2.88,23823197,802428280,
01549,20260909,永丰集团控股,,,,0.074,0.075,-0.001,-1.33,,,
01551,20260909,广州农商银行,,,,1.415,1.410,+0.005,+0.35,,,
01552,20260909,BHCC HOLDING,0.275,0.275,0.275,0.275,0.275,+0.000,+0.00,215000,59125,
01553,20260909,迈科管业,1.500,1.500,1.500,1.500,1.500,+0.000,+0.00,8000,12000,
01555,20260909,MI能源,0.026,0.032,0.026,0.028,0.026,+0.002,+7.69,33000000,934188,
01556,20260909,建业建荣,0.255,0.255,0.255,0.255,0.249,+0.006,+2.41,235000,59925,
01557,20260909,剑虹集团控股,0.500,0.520,0.500,0.520,0.520,+0.000,+0.00,20000,10220,
01559,20260909,均安控股,,,,0.051,0.051,+0.000,+0.00,,,
01560,20260909,星星集团,0.300,0.320,0.290,0.320,0.320,+0.000,+0.00,206000,61950,
01561,20260909,联洋智能控股,0.053,0.068,0.053,0.060,0.050,+0.010,+20.00,1736000,99764,
01563,20260909,友联国际教育租赁,0.127,0.127,0.120,0.126,0.125,+0.001,+0.80,125000,15539,
01565,20260909,成实外教育,0.171,0.171,0.171,0.171,0.175,-0.004,-2.29,137000,23427,
01566,20260909,华夏文化科技,4.490,4.700,3.900,4.135,4.440,-0.305,-6.87,5468200,23007995,
01568,20260909,承达集团,0.670,0.670,0.665,0.665,0.670,-0.005,-0.75,28000,18710,
01569,20260909,民生教育,,,,0.117,0.117,+0.000,+0.00,,,
01570,20260909,伟业控股,11.400,11.800,11.130,11.580,11.400,+0.180,+1.58,380000,4306730,
01571,20260909,信邦控股,3.750,3.790,3.750,3.750,3.750,+0.000,+0.00,537000,2018235,
01572,20260909,中国艺术金融,0.070,0.070,0.070,0.070,0.070,+0.000,+0.00,292000,20440,
01575,20260909,皇庭智家,0.037,0.037,0.037,0.037,0.034,+0.003,+8.82,172000,6364,
01576,20260909,齐鲁高速,,,,1.700,1.700,+0.000,+0.00,,,
01577,20260909,汇鑫小贷,,,,1.020,1.020,+0.000,+0.00,,,
01578,20260909,天津银行,2.180,2.190,2.130,2.130,2.195,-0.065,-2.96,15000,32280,
01579,20260909,颐海国际,14.720,14.720,14.040,14.210,14.760,-0.550,-3.73,7315621,104166507,
01580,20260909,大森控股,0.220,0.244,0.220,0.220,0.220,+0.000,+0.00,480000,106560,
01581,20260909,进升集团控股,0.275,0.280,0.270,0.280,0.280,+0.000,+0.00,90000,24600,
01582,20260909,华营建筑,0.465,0.465,0.450,0.455,0.470,-0.015,-3.19,307500,140688,
01583,20260909,亲亲食品,1.000,1.000,0.950,1.000,0.975,+0.025,+2.56,32000,30500,
01585,20260909,雅迪控股,8.845,8.965,8.660,8.930,8.820,+0.110,+1.25,10183947,90430266,
01586,20260909,力鸿检验,1.300,1.400,1.300,1.400,1.310,+0.090,+6.87,29856,40673,
01587,20260909,欣融国际,0.500,0.500,0.500,0.500,0.500,+0.000,+0.00,4000,2000,
01588,20260909,畅捷通,4.460,4.605,4.410,4.600,4.500,+0.100,+2.22,427820,1904770,
01591,20260909,汛和集团,,,,0.117,0.116,+0.001,+0.86,,,
01592,20260909,基石控股,0.171,0.177,0.166,0.176,0.175,+0.001,+0.57,960000,164980,
01593,20260909,辰林教育,1.095,1.105,1.075,1.100,1.075,+0.025,+2.33,950000,1038010,
01596,20260909,翼辰实业,0.250,0.260,0.250,0.250,0.240,+0.010,+4.17,81000,20506,
01597,20260909,纳泉能源科技,5.975,5.975,5.900,5.895,5.970,-0.075,-1.26,10000,59425,
01598,20260909,21世纪教育,,,,0.111,0.111,+0.000,+0.00,,,
01599,20260909,城建设计,1.010,1.010,1.010,1.010,1.010,+0.000,+0.00,6000,6060,
01600,20260909,天伦燃气,2.670,2.750,2.670,2.700,2.670,+0.030,+1.12,111500,304855,
01601,20260909,中关村科技租赁,0.700,0.715,0.700,0.715,0.715,+0.000,+0.00,298000,211400,
01606,20260909,国银金租,1.510,1.535,1.500,1.535,1.505,+0.030,+1.99,3488000,5292580,
01608,20260909,伟能集团,0.047,0.048,0.044,0.047,0.051,-0.004,-7.84,7859000,356592,
01609,20260909,天星医疗,126.400,127.000,108.000,112.700,121.000,-8.300,-6.86,354950,41215395,
01610,20260909,中粮家佳康,1.270,1.285,1.235,1.250,1.265,-0.015,-1.19,33458000,41980205,
01611,20260909,新火集团,2.055,2.060,2.035,2.045,2.060,-0.015,-0.73,41000,83875,
01612,20260909,永胜医疗,0.655,0.680,0.635,0.670,0.665,+0.005,+0.75,102000,66790,
01613,20260909,协同通信,0.875,0.890,0.820,0.880,0.875,+0.005,+0.57,1382400,1180640,
01615,20260909,奥邦建筑,0.405,0.405,0.395,0.395,0.400,-0.005,-1.25,530000,211425,
01616,20260909,一元宇宙,,,,0.060,0.060,+0.000,+0.00,,,
01617,20260909,南方通信,0.270,0.290,0.265,0.275,0.260,+0.015,+5.77,5992000,1658220,
01618,20260909,中国中冶,1.390,1.400,1.365,1.390,1.385,+0.005,+0.36,8516000,11758295,
01620,20260909,富盈环球集团,0.197,0.212,0.197,0.198,0.210,-0.012,-5.71,830000,167360,
01621,20260909,域高国际控股,0.197,0.213,0.197,0.206,0.190,+0.016,+8.42,1000000,203000,
01622,20260909,力高集团,0.130,0.137,0.130,0.130,0.132,-0.002,-1.52,302000,39274,
01623,20260909,海隆控股,0.255,0.260,0.250,0.260,0.260,+0.000,+0.00,195000,49330,
01626,20260909,嘉耀控股,22.560,24.220,22.000,23.000,22.560,+0.440,+1.95,621000,14276900,
01627,20260909,安保工程控股,0.470,0.470,0.465,0.465,0.470,-0.005,-1.06,344000,161460,
01628,20260909,禹洲集团,0.109,0.114,0.109,0.112,0.114,-0.002,-1.75,428860,48046,
01629,20260909,冠均国际控股,,,,0.191,0.191,+0.000,+0.00,,,
01630,20260909,建成控股,0.300,0.315,0.290,0.315,0.300,+0.015,+5.00,1386000,417900,
01631,20260909,REF HOLDINGS,1.300,1.320,1.300,1.300,1.330,-0.030,-2.26,20000,26400,
01632,20260909,民商创科,,,,0.051,0.051,+0.000,+0.00,,,
01633,20260909,上谕集团,0.450,0.475,0.425,0.475,0.450,+0.025,+5.56,1617000,730860,
01635,20260909,大众公用,2.345,2.345,2.305,2.345,2.330,+0.015,+0.64,2885000,6714540,
01636,20260909,中国金属利用,,,,0.310,0.310,+0.000,+0.00,,,
01637,20260909,顺兴集团控股,,,,0.675,0.675,+0.000,+0.00,,,
01638,20260909,佳兆业集团,0.035,0.036,0.034,0.036,0.036,+0.000,+0.00,13675000,478266,
01640,20260909,千循科技,0.455,0.495,0.450,0.450,0.455,-0.005,-1.10,180000,85620,
01641,20260909,红星冷链,,,,3.785,3.795,-0.010,-0.26,,,
01643,20260909,现代中药集团,0.820,0.860,0.815,0.830,0.830,+0.000,+0.00,72000,60885,
01645,20260909,海纳智能,2.675,2.775,2.655,2.735,2.675,+0.060,+2.24,2528000,6872140,
01647,20260909,雄岸科技,0.060,0.062,0.059,0.059,0.060,-0.001,-1.67,290000,17350,
01650,20260909,HYGIEIA GROUP,0.152,0.153,0.150,0.150,0.148,+0.002,+1.35,1100000,166692,
01651,20260909,津上机床中国,50.950,53.950,50.900,53.000,50.100,+2.900,+5.79,2575063,136495500,
01652,20260909,福森药业,0.710,0.770,0.710,0.770,0.770,+0.000,+0.00,8000,5860,
01653,20260909,MOS HOUSE,1.445,1.450,1.300,1.355,1.395,-0.040,-2.87,448000,615540,
01655,20260909,OKURA HOLDINGS,0.156,0.164,0.155,0.157,0.156,+0.001,+0.64,1145000,183900,
01656,20260909,亿仕登控股,,,,3.980,3.980,+0.000,+0.00,,,
01657,20260909,桦欣控股,47.980,47.980,45.500,46.300,46.240,+0.060,+0.13,6000,277800,
01658,20260909,邮储银行,5.320,5.400,5.300,5.330,5.365,-0.035,-0.65,19032358,101831024,
01660,20260909,七元投资,0.200,0.200,0.188,0.192,0.190,+0.002,+1.05,2040000,400320,
01661,20260909,中国前沿科技集团,1.910,2.000,1.910,2.000,1.955,+0.045,+2.30,186000,361590,
01662,20260909,义合控股,0.520,0.525,0.505,0.520,0.510,+0.010,+1.96,78000,40630,
01663,20260909,汉港控股,0.070,0.070,0.059,0.062,0.066,-0.004,-6.06,176248,10959,
01666,20260909,同仁堂科技,3.150,3.190,3.105,3.190,3.150,+0.040,+1.27,1194000,3744110,
01667,20260909,迪米生活控股,,,,0.320,0.320,+0.000,+0.00,,,
01668,20260909,华南城,,,,0.107,0.107,+0.000,+0.00,,,
01669,20260909,环球信贷集团,1.470,1.470,1.470,1.470,1.490,-0.020,-1.34,38000,55860,
01671,20260909,天保能源,,,,0.710,0.715,-0.005,-0.70,,,
01672,20260909,歌礼制药-B,10.520,10.750,10.000,10.060,10.180,-0.120,-1.18,1768000,18209245,
01673,20260909,华章科技,,,,0.265,0.265,+0.000,+0.00,,,
01675,20260909,亚信科技,4.180,4.180,3.945,3.945,4.070,-0.125,-3.07,2786400,11123602,
01676,20260909,高地股份,0.390,0.445,0.385,0.425,0.390,+0.035,+8.97,6946000,2947900,
01679,20260909,瑞斯康集团,1.340,1.340,1.340,1.340,1.330,+0.010,+0.75,10000,13400,
01680,20260909,澳门励骏,0.103,0.140,0.103,0.121,0.104,+0.017,+16.35,333900,39893,
01681,20260909,康臣药业,13.180,13.330,13.060,13.150,13.190,-0.040,-0.30,1545000,20311720,
01682,20260909,杭品生活科技,0.162,0.162,0.142,0.148,0.162,-0.014,-8.64,2360000,359432,
01683,20260909,旷逸国际,0.139,0.142,0.135,0.142,0.139,+0.003,+2.16,816000,111648,
01685,20260909,博耳电力,0.620,0.620,0.585,0.615,0.620,-0.005,-0.81,486000,294415,
01686,20260909,新意网集团,5.680,5.695,5.540,5.680,5.625,+0.055,+0.98,3474592,19574218,
01688,20260909,领益智造,6.500,6.580,6.260,6.370,6.500,-0.130,-2.00,11432520,73224136,
01689,20260909,华禧控股,0.295,0.295,0.285,0.285,0.295,-0.010,-3.39,102000,30070,
01690,20260909,立基工程控股,0.154,0.155,0.154,0.154,0.152,+0.002,+1.32,560000,86300,
01691,20260909,JS环球生活,1.565,1.645,1.490,1.520,1.565,-0.045,-2.88,7288500,11099957,
01692,20260909,登辉控股,,,,1.275,1.275,+0.000,+0.00,,,
01693,20260909,璋利国际,,,,6.400,6.400,+0.000,+0.00,,,
01695,20260909,椰丰集团,,,,0.076,0.076,+0.000,+0.00,,,
01696,20260909,复锐医疗科技,2.100,2.135,2.030,2.040,2.025,+0.015,+0.74,138800,287488,
01697,20260909,山东国信,0.235,0.235,0.230,0.235,0.235,+0.000,+0.00,210600,49482,
01698,20260909,腾讯音乐-SW,32.060,32.260,31.460,31.520,32.460,-0.940,-2.90,1285020,40698159,
01701,20260909,途屹控股,,,,0.070,0.070,+0.000,+0.00,,,
01702,20260909,东光化工,,,,1.800,1.800,+0.000,+0.00,,,
01703,20260909,谊和股份,0.315,0.315,0.310,0.315,0.310,+0.005,+1.61,525000,164825,
01705,20260909,宾仕国际,0.970,0.970,0.915,0.925,0.995,-0.070,-7.04,536000,513520,
01707,20260909,致浩达控股,,,,0.042,0.042,+0.000,+0.00,,,
01708,20260909,三宝科技,0.220,0.220,0.220,0.220,0.212,+0.008,+3.77,13500,2970,
01709,20260909,德林控股,0.950,0.950,0.905,0.910,0.917,-0.007,-0.76,2276000,2080080,
01710,20260909,致丰工业电子,1.420,1.770,1.420,1.700,1.410,+0.290,+20.57,19500000,32112520,
01711,20260909,欧化,,,,0.142,0.142,+0.000,+0.00,,,
01712,20260909,龙资源,9.100,9.950,8.915,9.870,9.255,+0.615,+6.65,1446000,13729355,
01713,20260909,四川能投发展,1.730,1.740,1.720,1.735,1.740,-0.005,-0.29,252000,436040,
01715,20260909,智慧健康科技,0.410,0.460,0.400,0.430,0.420,+0.010,+2.38,670000,271850,
01716,20260909,毛记葵涌,4.590,4.590,4.465,4.535,4.590,-0.055,-1.20,324000,1472470,
01717,20260909,澳优,1.175,1.185,1.125,1.155,1.140,+0.015,+1.32,13000,15075,
01718,20260909,宏基集团控股,0.610,0.610,0.565,0.600,0.620,-0.020,-3.23,455000,267675,
01719,20260909,中国通商集团,,,,0.213,0.213,+0.000,+0.00,,,
01720,20260909,普天通信集团,0.305,0.350,0.305,0.320,0.305,+0.015,+4.92,6656000,2210980,
01721,20260909,FSM HOLDINGS,,,,0.140,0.140,+0.000,+0.00,,,
01722,20260909,建鹏控股,0.103,0.103,0.102,0.102,0.103,-0.001,-0.97,910000,93330,
01723,20260909,恒月控股,0.445,0.455,0.435,0.440,0.445,-0.005,-1.12,1590000,705150,
01725,20260909,中国技术集团,0.285,0.285,0.280,0.280,0.290,-0.010,-3.45,679200,192453,
01726,20260909,HKE HOLDINGS,0.900,0.900,0.850,0.850,0.890,-0.040,-4.49,1415000,1230800,
01727,20260909,河北建设,0.228,0.234,0.226,0.226,0.231,-0.005,-2.16,195000,44516,
01728,20260909,正通汽车,,,,0.143,0.143,+0.000,+0.00,,,
01729,20260909,汇聚科技,18.490,19.380,18.450,19.250,17.920,+1.330,+7.42,24157000,461142530,
01731,20260909,其利工业集团,0.750,0.750,0.750,0.750,0.750,+0.000,+0.00,1116000,837000,
01732,20260909,象兴科技,0.217,0.217,0.216,0.216,0.215,+0.001,+0.47,520000,112460,
01733,20260909,易大宗,0.730,0.750,0.730,0.740,0.750,-0.010,-1.33,841550,627730,
01735,20260909,中环新能源,8.245,8.290,8.175,8.260,8.275,-0.015,-0.18,6104000,50276530,
01736,20260909,中国育儿网络,,,,0.425,0.425,+0.000,+0.00,5000,2175,
01737,20260909,亚洲实业集团,0.151,0.151,0.146,0.151,0.151,+0.000,+0.00,250000,37500,
01738,20260909,飞尚无烟煤,,,,0.057,0.057,+0.000,+0.00,,,
01739,20260909,齐屹科技,0.123,0.133,0.121,0.127,0.126,+0.001,+0.79,913000,113923,
01740,20260909,新石文化,0.164,0.164,0.158,0.164,0.164,+0.000,+0.00,415000,66265,
01741,20260909,成志控股,0.134,0.150,0.133,0.146,0.157,-0.011,-7.01,356000,50000,
01742,20260909,HPC HOLDINGS,0.145,0.145,0.124,0.130,0.145,-0.015,-10.34,1280000,164115,
01745,20260909,驴迹科技,2.500,2.595,2.500,2.595,2.430,+0.165,+6.79,27040,68139,
01746,20260909,万顺集团控股,0.515,0.530,0.500,0.520,0.530,-0.010,-1.89,536000,272860,
01747,20260909,HOME CONTROL,3.660,3.660,3.660,3.660,3.650,+0.010,+0.27,2000,7320,
01748,20260909,信源企业集团,,,,1.760,1.760,+0.000,+0.00,,,
01749,20260909,杉杉品牌,,,,0.495,0.495,+0.000,+0.00,,,
01750,20260909,全达电器集团控股,0.087,0.087,0.084,0.087,0.087,+0.000,+0.00,220000,19110,
01751,20260909,智算能建,0.755,0.755,0.710,0.710,0.755,-0.045,-5.96,22000,16080,
01752,20260909,澳洲成峰高教,0.091,0.093,0.089,0.090,0.088,+0.002,+2.27,870000,78690,
01753,20260909,兑吧,0.745,0.765,0.660,0.700,0.740,-0.040,-5.41,15775200,11127770,
01755,20260909,新城悦服务,,,,2.800,2.800,+0.000,+0.00,,,
01756,20260909,中国科教产业,0.360,0.360,0.360,0.370,0.380,-0.010,-2.63,1000,360,
01757,20260909,环球华商俱乐部,5.205,5.205,5.100,5.175,5.205,-0.030,-0.58,6000,30900,
01758,20260909,博骏教育,,,,0.095,0.094,+0.001,+1.06,,,
01759,20260909,中油洁能控股,0.675,0.680,0.670,0.670,0.675,-0.005,-0.74,55000,37025,
01760,20260909,英恒科技,1.275,1.320,1.275,1.285,1.275,+0.010,+0.78,419000,543310,
01762,20260909,万咖壹联,1.065,1.075,1.035,1.070,1.065,+0.005,+0.47,1432000,1513190,
01763,20260909,中国同辐,14.110,14.300,13.960,13.960,14.320,-0.360,-2.51,275000,3865464,
01765,20260909,希教国际控股,0.141,0.141,0.140,0.140,0.140,+0.000,+0.00,566000,79790,
01766,20260909,中国中车,5.410,5.420,5.355,5.385,5.410,-0.025,-0.46,11078427,59691682,
01767,20260909,TS WONDERS,0.325,0.340,0.325,0.340,0.330,+0.010,+3.03,60000,20050,
01768,20260909,鸣鸣很忙,376.400,379.400,367.000,377.200,376.400,+0.800,+0.21,431998,161383480,
01769,20260909,思考乐教育,0.865,0.890,0.830,0.870,0.885,-0.015,-1.69,789000,676165,
01770,20260909,东方科脉,75.000,77.050,66.800,67.900,69.950,-2.050,-2.93,8300,583023,
01771,20260909,新丰泰集团,,,,0.170,0.170,+0.000,+0.00,,,
01772,20260909,赣锋锂业,36.400,37.100,36.080,37.000,36.400,+0.600,+1.65,6642040,243726650,
01773,20260909,天立国际控股,0.960,0.960,0.845,0.845,0.925,-0.080,-8.65,11954300,10537136,
01775,20260909,精英汇集团,,,,0.330,0.330,+0.000,+0.00,,,
01776,20260909,广发证券,18.030,18.350,17.730,18.150,17.910,+0.240,+1.34,3317200,60111336,
01777,20260909,花样年控股,0.073,0.073,0.067,0.072,0.071,+0.001,+1.41,932699,65380,
01778,20260909,彩生活,0.154,0.154,0.150,0.152,0.150,+0.002,+1.33,749000,112422,
01779,20260909,天辰生物-B,120.100,126.000,112.000,114.300,121.700,-7.400,-6.08,298950,35679145,
01780,20260909,荣尊国际控股,5.175,5.175,4.905,4.985,5.155,-0.170,-3.30,570000,2860250,
01782,20260909,国际商业数字技术,2.200,2.225,2.190,2.225,2.295,-0.070,-3.05,40000,88325,
01783,20260909,晋景新能,4.450,4.450,4.300,4.410,4.345,+0.065,+1.50,6561000,28806895,
01785,20260909,成都高速,,,,2.025,2.025,+0.000,+0.00,,,
01786,20260909,铁建装备,0.720,0.720,0.705,0.705,0.720,-0.015,-2.08,446000,319820,
01787,20260909,山东黄金,25.020,25.980,24.760,25.760,25.380,+0.380,+1.50,22148383,562262190,
01788,20260909,国泰君安国际,2.880,2.890,2.880,2.885,2.885,+0.000,+0.00,8046333,23199852,
01789,20260909,爱康医疗,4.885,4.970,4.825,4.905,4.910,-0.005,-0.10,3738000,18382250,
01790,20260909,达力环保,0.470,0.470,0.470,0.470,0.470,+0.000,+0.00,30000,14100,
01792,20260909,CMON,0.875,0.995,0.870,0.995,0.890,+0.105,+11.80,418571,393574,
01793,20260909,伟工控股,1.140,1.205,1.100,1.125,1.140,-0.015,-1.32,2888000,3319240,
01795,20260909,亚东集团,,,,0.490,0.490,+0.000,+0.00,,,
01796,20260909,中国数智科技,0.350,0.390,0.350,0.360,0.350,+0.010,+2.86,3016000,1102380,
01797,20260909,东方甄选,27.040,27.040,25.040,25.440,26.620,-1.180,-4.43,13191200,337132210,
01798,20260909,大唐新能源,1.090,1.150,1.090,1.145,1.100,+0.045,+4.09,8729000,9796250,
01799,20260909,新特能源,3.940,3.940,3.860,3.915,3.910,+0.005,+0.13,786000,3059476,
01800,20260909,中国交通建设,3.525,3.555,3.500,3.530,3.525,+0.005,+0.14,6611019,23350265,
01801,20260909,信达生物,99.750,100.800,97.400,98.200,100.200,-2.000,-2.00,14573019,1435654000,
01802,20260909,文业集团,,,,0.045,0.045,+0.000,+0.00,,,
01803,20260909,北京体育文化,0.740,0.760,0.720,0.720,0.760,-0.040,-5.26,66250,47940,
01808,20260909,企展控股,1.910,1.910,1.910,1.940,2.180,-0.240,-11.01,36250,69238,
01809,20260909,浦林成山,7.135,7.135,7.000,7.000,7.150,-0.150,-2.10,81500,575935,
01810,20260909,小米集团-W,26.700,26.800,26.100,26.380,26.920,-0.540,-2.01,120334499,3171350900,
01811,20260909,中广核新能源,2.180,2.190,2.150,2.165,2.160,+0.005,+0.23,3726000,8083700,
01812,20260909,晨鸣纸业,0.650,0.670,0.645,0.670,0.635,+0.035,+5.51,1913500,1256598,
01813,20260909,合景泰富集团,0.096,0.098,0.092,0.096,0.096,+0.000,+0.00,394500,37514,
01815,20260909,珠峰黄金,2.000,2.015,1.935,2.000,2.000,+0.000,+0.00,9369000,18436405,
01816,20260909,中广核电力,3.090,3.105,3.045,3.105,3.090,+0.015,+0.49,37206288,114853819,
01817,20260909,慕尚集团控股,0.250,0.250,0.250,0.250,0.250,+0.000,+0.00,1500,375,
01818,20260909,招金矿业,21.920,22.120,21.560,22.040,22.120,-0.080,-0.36,15739598,344171970,
01820,20260909,济丰包装,,,,2.800,2.800,+0.000,+0.00,,,
01822,20260909,中木国际,0.143,0.143,0.143,0.140,0.142,-0.002,-1.41,240000,34320,
01823,20260909,华昱高速,,,,1.165,1.165,+0.000,+0.00,,,
01825,20260909,美臻集团,10.000,11.130,10.000,10.580,9.950,+0.630,+6.33,1235000,12897080,
01826,20260909,丰展控股,0.360,0.455,0.360,0.440,0.350,+0.090,+25.71,13260000,5449700,
01827,20260909,卓珈控股,0.900,0.900,0.900,0.890,0.900,-0.010,-1.11,20000,18000,
01828,20260909,富卫集团,32.900,33.700,32.720,33.700,32.900,+0.800,+2.43,498000,16596991,
01830,20260909,完美医疗,1.270,1.310,1.270,1.310,1.270,+0.040,+3.15,322000,411820,
01831,20260909,十方控股,,,,0.755,0.755,+0.000,+0.00,,,
01832,20260909,海天地悦旅,1.300,1.380,1.300,1.365,1.300,+0.065,+5.00,12000,15875,
01833,20260909,平安好医生,6.555,6.555,6.150,6.185,6.465,-0.280,-4.33,14424627,89818268,
01835,20260909,瑞威资管,4.500,4.500,4.500,4.500,4.500,+0.000,+0.00,2000,9000,
01836,20260909,九兴控股,11.810,11.810,11.630,11.770,11.700,+0.070,+0.60,1089000,12738863,
01837,20260909,五谷磨房,1.430,1.435,1.405,1.430,1.435,-0.005,-0.35,1530000,2174370,
01841,20260909,优越集团控股,0.470,0.470,0.415,0.450,0.465,-0.015,-3.23,890000,395500,
01842,20260909,植华集团,0.056,0.060,0.043,0.043,0.056,-0.013,-23.21,16108000,787600,
01843,20260909,快餐帝国,0.340,0.390,0.320,0.385,0.330,+0.055,+16.67,3915000,1406135,
01845,20260909,维港环保科技,,,,0.180,0.180,+0.000,+0.00,,,
01846,20260909,德视佳,2.350,2.415,2.300,2.350,2.350,+0.000,+0.00,44000,102830,
01847,20260909,云南建投混凝土,,,,0.415,0.415,+0.000,+0.00,,,
01848,20260909,中国飞机租赁,3.710,3.740,3.665,3.735,3.715,+0.020,+0.54,222500,824183,
01849,20260909,秀商时代控股,,,,0.050,0.050,+0.000,+0.00,,,
01850,20260909,美好生活集团控股,0.405,0.415,0.395,0.395,0.420,-0.025,-5.95,420000,168600,
01851,20260909,银杏教育,7.785,8.000,7.175,7.690,7.785,-0.095,-1.22,766000,5750820,
01853,20260909,春城热力,1.170,1.170,1.165,1.165,1.285,-0.120,-9.34,7500,8750,
01854,20260909,中国万天控股,1.075,1.075,1.050,1.050,1.085,-0.035,-3.23,150000,160150,
01855,20260909,中庆股份,0.162,0.165,0.162,0.163,0.159,+0.004,+2.52,90000,14800,
01856,20260909,依波路,1.670,1.675,1.660,1.675,1.675,+0.000,+0.00,147000,245140,
01857,20260909,中国光大水务,1.310,1.310,1.310,1.310,1.320,-0.010,-0.76,69000,90390,
01858,20260909,春立医疗,8.240,8.240,8.070,8.120,8.200,-0.080,-0.98,686500,5565389,
01860,20260909,汇量科技,10.160,10.200,9.810,9.935,10.150,-0.215,-2.12,9196000,91428150,
01861,20260909,保宝龙科技,,,,2.200,2.200,+0.000,+0.00,,,
01862,20260909,景瑞控股,,,,0.016,0.016,+0.000,+0.00,,,
01863,20260909,中国龙天集团,,,,1.370,1.370,+0.000,+0.00,,,
01865,20260909,鹏高控股集团,0.450,0.450,0.420,0.420,0.435,-0.015,-3.45,3984000,1737720,
01866,20260909,中国心连心化肥,11.000,11.250,10.730,10.990,10.740,+0.250,+2.33,7632000,84066269,
01867,20260909,标准发展集团,,,,0.229,0.229,+0.000,+0.00,,,
01868,20260909,同方友友,0.216,0.209,0.188,0.194,0.188,+0.006,+3.19,182000,34850,
01869,20260909,猫屎咖啡控股,0.064,0.073,0.055,0.056,0.064,-0.008,-12.50,26390000,1682400,
01870,20260909,绿色电能集团,0.192,0.195,0.192,0.192,0.192,+0.000,+0.00,1725000,334528,
01871,20260909,向中国际,0.295,0.300,0.295,0.295,0.300,-0.005,-1.67,812000,240900,
01872,20260909,冠轈控股,4.200,4.260,4.040,4.260,4.090,+0.170,+4.16,1065000,4393600,
01873,20260909,维亚生物,1.350,1.455,1.310,1.350,1.355,-0.005,-0.37,8019500,11111908,
01875,20260909,东曜药业-B,3.850,3.850,3.720,3.800,3.770,+0.030,+0.80,237600,892160,
01876,20260909,百威亚太,6.115,6.150,5.985,6.045,6.115,-0.070,-1.14,25758529,155647230,
01877,20260909,君实生物,17.860,18.090,17.510,17.640,17.860,-0.220,-1.23,1174400,20751636,
01878,20260909,南戈壁,1.800,1.850,1.765,1.830,1.800,+0.030,+1.67,31550,55796,
01879,20260909,曦智科技-P,323.200,401.000,323.200,371.400,311.600,+59.800,+19.19,1609985,599050250,
01880,20260909,中国中免,49.500,50.200,48.520,48.860,49.800,-0.940,-1.89,692000,33764234,
01882,20260909,海天国际,18.160,18.270,17.900,17.970,18.070,-0.100,-0.55,3252775,58483569,
01883,20260909,中信国际电讯,2.425,2.425,2.405,2.415,2.410,+0.005,+0.21,2842687,6871167,
01884,20260909,EPRINT集团,0.115,0.115,0.112,0.112,0.115,-0.003,-2.61,516000,58288,
01888,20260909,建滔积层板,47.000,48.720,46.980,48.000,45.820,+2.180,+4.76,62673150,2995740100,
01889,20260909,三爱健康集团,0.193,0.193,0.193,0.193,0.185,+0.008,+4.32,10000,1930,
01890,20260909,中国科培,0.840,0.855,0.835,0.840,0.850,-0.010,-1.18,236000,199420,
01891,20260909,兴合控股,0.176,0.195,0.176,0.189,0.186,+0.003,+1.61,232000,42104,
01894,20260909,恒益控股,0.630,0.700,0.600,0.660,0.595,+0.065,+10.92,1965000,1271200,
01895,20260909,鑫苑服务,,,,0.271,0.271,+0.000,+0.00,,,
01896,20260909,猫眼娱乐,4.370,4.370,4.265,4.300,4.390,-0.090,-2.05,3351800,14377144,
01897,20260909,美亨实业,0.440,0.440,0.440,0.440,0.445,-0.005,-1.12,11049,4841,
01898,20260909,中煤能源,11.500,11.690,11.280,11.570,11.410,+0.160,+1.40,17806000,205690100,
01899,20260909,兴达国际,1.050,1.075,1.050,1.050,1.050,+0.000,+0.00,85000,89760,
01900,20260909,中国智能交通,,,,0.178,0.178,+0.000,+0.00,,,
01901,20260909,飞扬集团,,,,0.158,0.158,+0.000,+0.00,,,
01903,20260909,JBB BUILDERS,2.310,2.310,2.310,2.310,2.310,+0.000,+0.00,6000,13860,
01905,20260909,海通恒信,0.980,1.035,0.970,1.020,0.980,+0.040,+4.08,6822000,6915480,
01906,20260909,博尼控股,0.810,0.840,0.805,0.830,0.805,+0.025,+3.11,7240000,5986050,
01907,20260909,中国旭阳集团,1.950,2.010,1.925,1.990,1.930,+0.060,+3.11,27782000,54734455,
01908,20260909,建发国际集团,12.660,12.810,12.460,12.550,12.700,-0.150,-1.18,6284288,79274617,
01909,20260909,火岩控股,1.850,1.850,1.850,1.850,1.860,-0.010,-0.54,58000,107500,
01910,20260909,新秀丽,12.700,12.700,12.450,12.530,12.690,-0.160,-1.26,1187389,14863719,
01911,20260909,华兴资本控股,3.950,4.285,3.950,4.180,4.000,+0.180,+4.50,1301700,5425878,
01912,20260909,康特隆,3.050,3.435,3.065,3.310,3.050,+0.260,+8.52,556500,1835650,
01913,20260909,普拉达,39.520,40.280,39.200,39.680,40.100,-0.420,-1.05,842327,33473137,
01915,20260909,泰和小贷,,,,0.265,0.265,+0.000,+0.00,,,
01916,20260909,江西银行,0.595,0.595,0.590,0.595,0.605,-0.010,-1.65,46000,27345,
01917,20260909,豆盟科技,,,,0.078,0.078,+0.000,+0.00,,,
01918,20260909,融创中国,0.615,0.620,0.575,0.580,0.615,-0.035,-5.69,261075930,153908750,
01919,20260909,中远海控,16.500,16.930,16.380,16.890,16.550,+0.340,+2.05,20259958,339505210,
01920,20260909,巨美集团,0.395,0.400,0.390,0.400,0.390,+0.010,+2.56,144000,56915,
01921,20260909,达力普控股,3.280,3.435,3.280,3.355,3.300,+0.055,+1.67,798000,2678840,
01925,20260909,旷世芳香,1.250,1.255,1.250,1.255,1.260,-0.005,-0.40,26000,32520,
01927,20260909,久久王,0.285,0.285,0.275,0.280,0.280,+0.000,+0.00,325000,91475,
01928,20260909,金沙中国有限公司,13.860,14.000,13.650,13.790,14.030,-0.240,-1.71,20548068,283150440,
01929,20260909,周大福,12.280,12.280,12.020,12.140,12.280,-0.140,-1.14,13046366,158616250,
01930,20260909,勋龙,0.320,0.320,0.315,0.320,0.315,+0.005,+1.59,12000,3820,
01931,20260909,华检医疗,0.520,0.525,0.495,0.510,0.525,-0.015,-2.86,709000,358825,
01932,20260909,中漆集团,0.135,0.135,0.134,0.134,0.137,-0.003,-2.19,136000,18324,
01933,20260909,元力控股,0.202,0.202,0.182,0.190,0.202,-0.012,-5.94,1084000,206312,
01935,20260909,嘉宏教育,,,,0.825,0.825,+0.000,+0.00,,,
01936,20260909,利特米,,,,0.870,0.870,+0.000,+0.00,,,
01937,20260909,佳辰控股,,,,0.155,0.155,+0.000,+0.00,,,
01938,20260909,珠江钢管,0.220,0.228,0.219,0.226,0.223,+0.003,+1.35,160000,35313,
01939,20260909,上善黄金,0.465,0.465,0.460,0.460,0.480,-0.020,-4.17,82000,37750,
01940,20260909,CGII HLDGS,1.265,1.265,1.265,1.265,1.295,-0.030,-2.32,6000,7610,
01941,20260909,烨星集团,0.655,0.655,0.655,0.655,0.655,+0.000,+0.00,58000,37990,
01942,20260909,马可数字科技,0.074,0.076,0.074,0.075,0.076,-0.001,-1.32,3080000,230943,
01943,20260909,金石控股集团,1.205,1.205,1.170,1.180,1.205,-0.025,-2.07,1335000,1576100,
01945,20260909,清科控股,1.405,1.405,1.405,1.405,1.400,+0.005,+0.36,400,562,
01947,20260909,美皓集团,0.555,0.555,0.555,0.555,0.555,+0.000,+0.00,20000,11100,
01948,20260909,优矩控股,3.780,4.000,3.780,4.000,4.045,-0.045,-1.11,6000,23430,
01949,20260909,佰达国际控股,0.685,0.685,0.685,0.600,0.600,+0.000,+0.00,4000,2740,
01950,20260909,帝王实业控股,0.097,0.112,0.097,0.107,0.105,+0.002,+1.90,1100000,116120,
01951,20260909,锦欣生殖,2.240,2.250,2.195,2.215,2.200,+0.015,+0.68,7303500,16201681,
01952,20260909,云顶新耀,32.760,32.760,31.020,31.220,33.040,-1.820,-5.51,6536000,205894770,
01953,20260909,赛孚迅国际,1.400,1.400,1.270,1.315,1.355,-0.040,-2.95,1200000,1572475,
01955,20260909,庄臣控股,0.625,0.625,0.575,0.580,0.610,-0.030,-4.92,178000,106400,
01956,20260909,中科闻歌,84.950,88.750,76.000,79.050,85.000,-5.950,-7.00,229200,18954490,
01957,20260909,大人国际,,,,0.295,0.295,+0.000,+0.00,10000,2950,
01958,20260909,北京汽车,0.750,0.750,0.710,0.710,0.750,-0.040,-5.33,6469000,4660170,
01959,20260909,中聚投资,4.015,4.540,3.960,4.360,4.365,-0.005,-0.11,268000,1147510,
01960,20260909,TBKS HLDGS,0.375,0.410,0.365,0.380,0.370,+0.010,+2.70,1025000,386900,
01961,20260909,多牛科技,,,,0.099,0.099,+0.000,+0.00,,,
01962,20260909,训修实业,0.480,0.480,0.480,0.480,0.480,+0.000,+0.00,50000,24000,
01963,20260909,重庆银行,8.480,8.525,8.405,8.410,8.510,-0.100,-1.18,915500,7736280,
01965,20260909,朗诗绿色生活,,,,0.130,0.130,+0.000,+0.00,,,
01966,20260909,中骏集团控股,0.044,0.046,0.044,0.046,0.051,-0.005,-9.80,419000,19240,
01967,20260909,信恳智能,0.295,0.295,0.295,0.295,0.295,+0.000,+0.00,400,118,
01968,20260909,兴纺控股,0.163,0.168,0.163,0.168,0.163,+0.005,+3.07,132000,21696,
01969,20260909,中国春来,0.980,1.020,0.980,0.985,0.980,+0.005,+0.51,38000,38070,
01970,20260909,IMAX CHINA,,,,8.500,8.500,+0.000,+0.00,,,
01971,20260909,弘阳服务,0.325,,,0.325,0.310,+0.015,+4.84,2000,650,
01972,20260909,太古地产,24.880,24.880,24.360,24.840,24.760,+0.080,+0.32,2669014,66013886,
01973,20260909,天图投资,1.805,1.805,1.600,1.610,1.855,-0.245,-13.21,38400,62268,
01975,20260909,新兴印刷,0.465,0.480,0.465,0.490,0.460,+0.030,+6.52,52000,24740,
01977,20260909,安乐工程,1.000,1.000,0.985,0.985,0.990,-0.005,-0.51,34000,33640,
01978,20260909,叙福楼集团,0.220,0.220,0.214,0.214,0.219,-0.005,-2.28,44000,9548,
01979,20260909,天宝集团,1.600,1.640,1.590,1.640,1.635,+0.005,+0.31,188000,302860,
01980,20260909,天鸽互动,0.655,0.675,0.650,0.675,0.660,+0.015,+2.27,92000,60270,
01981,20260909,华夏控股,0.675,0.685,0.670,0.685,0.685,+0.000,+0.00,158000,106475,
01982,20260909,南旋控股,0.780,0.780,0.780,0.780,0.775,+0.005,+0.65,230000,179400,
01983,20260909,泸州银行,,,,2.020,2.010,+0.010,+0.50,,,
01985,20260909,美高域,,,,2.675,2.660,+0.015,+0.56,,,
01986,20260909,彩客新能源,1.015,1.015,0.955,0.990,0.980,+0.010,+1.02,986000,955328,
01987,20260909,BENG SOON MACH,0.230,0.230,0.220,0.220,0.240,-0.020,-8.33,140000,30852,
01988,20260909,民生银行,3.430,3.470,3.390,3.460,3.427,+0.033,+0.96,31902888,109836423,
01989,20260909,广合科技,128.300,133.600,126.100,127.600,126.100,+1.500,+1.19,1130500,147260620,
01991,20260909,大洋集团,0.735,0.735,0.700,0.700,0.750,-0.050,-6.67,330000,238700,
01993,20260909,雅仕维,0.485,0.485,0.470,0.470,0.490,-0.020,-4.08,27500,13355,
01995,20260909,永升服务,1.760,1.770,1.735,1.755,1.733,+0.022,+1.27,2596000,4538060,
01996,20260909,弘阳地产,0.030,0.030,0.029,0.029,0.030,-0.001,-3.33,1145000,33972,
01997,20260909,九龙仓置业,31.380,31.980,31.340,31.740,31.380,+0.360,+1.15,4357342,138108030,
01999,20260909,敏华控股,3.110,3.110,3.010,3.015,3.110,-0.095,-3.05,9222000,27933529,
02000,20260909,晨讯科技,0.255,0.260,0.250,0.260,0.250,+0.010,+4.00,468000,119000,
02001,20260909,新高教集团,0.505,0.505,0.500,0.505,0.500,+0.005,+1.00,342000,171735,
02002,20260909,阳光纸业,1.130,1.150,1.120,1.140,1.120,+0.020,+1.79,367000,414850,
02003,20260909,维信金科,0.940,0.940,0.910,0.910,0.960,-0.050,-5.21,600,552,
02005,20260909,石四药集团,2.720,2.770,2.685,2.695,2.715,-0.020,-0.74,4470000,12162040,
02007,20260909,碧桂园,0.201,0.201,0.185,0.186,0.200,-0.014,-7.00,453876100,86098489,
02008,20260909,凤凰卫视,1.240,1.350,1.240,1.350,1.400,-0.050,-3.57,117600,152871,
02009,20260909,金隅集团,0.610,0.610,0.595,0.600,0.610,-0.010,-1.64,11012000,6628530,
02011,20260909,进腾集团,,,,1.200,1.200,+0.000,+0.00,,,
02012,20260909,阳光油砂,0.171,0.188,0.168,0.171,0.180,-0.009,-5.00,2308320,395240,
02013,20260909,微盟集团,0.900,0.910,0.865,0.870,0.910,-0.040,-4.40,57651000,50803460,
02015,20260909,理想汽车-W,49.080,49.080,47.200,47.620,49.320,-1.700,-3.45,11541204,551809500,
02016,20260909,浙商银行,2.445,2.445,2.405,2.420,2.445,-0.025,-1.02,4528000,10940705,
02017,20260909,沧海控股,0.655,0.665,0.595,0.605,0.695,-0.090,-12.95,552000,350750,
02018,20260909,瑞声科技,41.000,43.120,40.580,42.480,40.900,+1.580,+3.86,4998092,212316770,
02020,20260909,安踏体育,75.950,75.950,72.700,73.500,75.950,-2.450,-3.23,14017732,1036401600,
02022,20260909,游莱互动,0.047,0.047,0.045,0.045,0.050,-0.005,-10.00,772000,35800,
02023,20260909,中国绿岛科技,0.755,0.765,0.740,0.745,0.775,-0.030,-3.87,56000,42240,
02025,20260909,瑞丰动力,12.200,12.280,12.200,12.150,12.140,+0.010,+0.08,406000,4975900,
02026,20260909,小马智行-W,55.700,56.500,54.900,55.050,55.600,-0.550,-0.99,774300,42957609,
02028,20260909,映美控股,3.250,3.415,2.900,3.110,3.300,-0.190,-5.76,30432000,96693465,
02030,20260909,卡宾,1.300,1.300,1.280,1.280,1.280,+0.000,+0.00,27000,35080,
02031,20260909,澳至尊,,,,0.435,0.435,+0.000,+0.00,20000,8700,
02033,20260909,时计宝,0.240,0.240,0.221,0.221,0.219,+0.002,+0.91,94000,22522,
02038,20260909,富智康集团,16.410,16.940,16.370,16.940,16.410,+0.530,+3.23,500100,8384169,
02039,20260909,中集集团,8.335,8.335,7.980,8.210,8.095,+0.115,+1.42,2552902,20935946,
02041,20260909,麦科田,9.415,9.565,8.900,8.900,9.560,-0.660,-6.90,1297900,11914935,
02048,20260909,易居企业控股,0.079,0.089,0.075,0.081,0.079,+0.002,+2.53,23707800,1990601,
02050,20260909,三花智控,25.400,25.560,25.220,25.480,25.180,+0.300,+1.19,3220761,81857808,
02051,20260909,VALA,0.390,0.390,0.365,0.370,0.385,-0.015,-3.90,1930000,725200,
02057,20260909,中通快递-W,162.200,163.600,161.000,163.000,162.200,+0.800,+0.49,1612921,262576110,
02068,20260909,中铝国际,1.800,1.830,1.795,1.815,1.815,+0.000,+0.00,777000,1411580,
02076,20260909,BOSS直聘-W,65.750,65.750,64.350,64.800,65.750,-0.950,-1.44,18600,1205545,
02078,20260909,荣阳实业,,,,0.134,0.134,+0.000,+0.00,,,
02080,20260909,奥克斯国际,0.320,0.320,0.315,0.315,0.330,-0.015,-4.55,32000,10230,
02086,20260909,高维科技,,,,0.535,0.535,+0.000,+0.00,,,
02088,20260909,西王置业,,,,0.038,0.038,+0.000,+0.00,,,
02096,20260909,先声药业,11.640,11.680,11.460,11.570,11.630,-0.060,-0.52,3367000,38838995,
02097,20260909,蜜雪集团,203.000,203.800,199.000,200.000,203.000,-3.000,-1.48,259633,51962172,
02098,20260909,卓尔智联,,,,0.076,0.076,+0.000,+0.00,,,
02099,20260909,中国黄金国际,266.000,280.600,265.800,276.400,266.000,+10.400,+3.91,2094970,575280680,
02100,20260909,百奥家庭互动,0.285,0.285,0.275,0.280,0.290,-0.010,-3.45,412000,115600,
02101,20260909,福禄控股,0.940,0.940,0.940,0.945,0.940,+0.005,+0.53,18000,16920,
02102,20260909,德利机械,0.320,0.325,0.320,0.325,0.320,+0.005,+1.56,80000,25850,
02105,20260909,来凯医药-B,6.770,6.770,6.385,6.640,6.780,-0.140,-2.06,1049000,6916513,
02107,20260909,第一服务控股,0.375,0.410,0.375,0.390,0.365,+0.025,+6.85,2430000,978675,
02108,20260909,K2 F&B,0.400,0.410,0.395,0.395,0.410,-0.015,-3.66,200000,79680,
02110,20260909,天成控股,,,,,,,,,,
02111,20260909,超盈国际控股,2.645,2.740,2.645,2.690,2.675,+0.015,+0.56,520000,1408040,
02112,20260909,恩典生命科技,0.032,0.036,0.032,0.036,0.035,+0.001,+2.86,412000,14254,
02113,20260909,世纪集团国际,0.385,0.425,0.365,0.370,0.375,-0.005,-1.33,25795000,10044000,
02116,20260909,江苏创新,0.685,0.690,0.675,0.690,0.705,-0.015,-2.13,64000,43670,
02119,20260909,捷荣国际控股,,,,0.460,0.460,+0.000,+0.00,,,
02120,20260909,康宁医院,10.000,10.100,9.845,9.900,9.900,+0.000,+0.00,18400,185078,
02121,20260909,创新奇智,3.970,4.070,3.960,3.995,3.995,+0.000,+0.00,3137665,12629576,
02122,20260909,凯知乐国际,,,,0.089,0.089,+0.000,+0.00,,,
02125,20260909,稻草熊娱乐,,,,0.300,0.300,+0.000,+0.00,,,
02126,20260909,药明巨诺-B,2.030,2.100,2.000,2.000,2.075,-0.075,-3.61,700500,1435400,
02127,20260909,汇森股份,,,,0.020,0.020,+0.000,+0.00,,,
02128,20260909,中国联塑,3.330,3.370,3.305,3.355,3.360,-0.005,-0.15,5798000,19344585,
02129,20260909,LEGION CONSO,0.230,0.230,0.222,0.223,0.233,-0.010,-4.29,505000,113975,
02130,20260909,嘉泓物流,,,,3.100,3.100,+0.000,+0.00,,,
02131,20260909,云想科技,,,,0.455,0.455,+0.000,+0.00,,,
02132,20260909,誉燊丰控股,0.159,0.159,0.148,0.149,0.160,-0.011,-6.88,600000,92264,
02135,20260909,瑞丽医美,0.118,0.122,0.118,0.122,0.114,+0.008,+7.02,30000,3600,
02136,20260909,利福中国,0.585,0.590,0.585,0.590,0.590,+0.000,+0.00,90500,52998,
02137,20260909,腾盛博药-B,0.940,0.940,0.895,0.900,0.930,-0.030,-3.23,430500,388068,
02138,20260909,医思健康,0.420,0.445,0.415,0.435,0.425,+0.010,+2.35,2284000,974515,
02139,20260909,甘肃银行,0.250,0.255,0.250,0.255,0.255,+0.000,+0.00,112000,28475,
02142,20260909,和铂医药-B,14.560,15.390,14.360,14.440,14.550,-0.110,-0.76,16421000,242527710,
02145,20260909,上美股份,23.480,23.660,22.420,22.800,23.600,-0.800,-3.39,1320100,30006763,
02146,20260909,荣万家,,,,2.000,2.000,+0.000,+0.00,,,
02147,20260909,正味集团,0.485,0.615,0.485,0.520,0.426,+0.094,+22.07,2487800,1321432,
02149,20260909,贝克微,32.820,32.820,32.300,32.800,32.960,-0.160,-0.49,20300,662110,
02150,20260909,奈雪的茶,0.660,0.670,0.660,0.670,0.670,+0.000,+0.00,1164500,778530,
02152,20260909,苏新服务,,,,4.790,4.790,+0.000,+0.00,,,
02153,20260909,达丰设备,0.890,0.920,0.850,0.890,0.890,+0.000,+0.00,24000,21640,
02155,20260909,森松国际,6.950,7.160,6.895,7.000,6.875,+0.125,+1.82,1559000,10956255,
02156,20260909,建发物业,2.725,2.730,2.655,2.710,2.720,-0.010,-0.37,963000,2596110,
02157,20260909,乐普生物,4.180,4.225,4.070,4.145,4.200,-0.055,-1.31,4563000,18917995,
02158,20260909,医渡科技,3.805,3.875,3.545,3.590,3.805,-0.215,-5.65,5239500,19208508,
02159,20260909,麦迪卫康,1.680,1.735,1.680,1.735,1.700,+0.035,+2.06,80000,136160,
02160,20260909,微创心通-B,,,,1.280,1.280,+0.000,+0.00,,,
02161,20260909,健倍苗苗,1.765,1.765,1.740,1.750,1.770,-0.020,-1.13,538047,942571,
02162,20260909,康诺亚-B,78.550,79.900,75.900,76.400,79.500,-3.100,-3.90,1976946,152810790,
02163,20260909,远大住工,,,,0.600,0.600,+0.000,+0.00,,,
02165,20260909,领悦服务集团,,,,1.525,1.525,+0.000,+0.00,,,
02166,20260909,芯智控股,4.265,4.265,4.180,4.195,4.265,-0.070,-1.64,403000,1699599,
02167,20260909,天润云,4.910,5.120,4.910,5.100,4.915,+0.185,+3.76,18600,92963,
02168,20260909,佳兆业美好,,,,1.050,1.050,+0.000,+0.00,,,
02169,20260909,沧港铁路,0.505,0.540,0.485,0.540,0.540,+0.000,+0.00,416000,212350,
02170,20260909,贝康医疗-B,1.390,1.390,1.390,1.390,1.390,+0.000,+0.00,10500,14595,
02171,20260909,科济药业-B,13.400,13.630,13.150,13.430,13.400,+0.030,+0.22,1792000,24021808,
02172,20260909,微创脑科学,,,,8.055,8.055,+0.000,+0.00,,,
02175,20260909,中国通才教育,2.355,2.360,2.355,2.360,2.410,-0.050,-2.07,85000,200345,
02176,20260909,赛迪顾问,,,,0.470,0.470,+0.000,+0.00,,,
02177,20260909,优趣汇控股,2.300,2.300,2.300,2.295,2.335,-0.040,-1.71,1000,2300,
02178,20260909,百勤油服,0.260,0.260,0.255,0.255,0.260,-0.005,-1.92,150000,38405,
02179,20260909,瑞科生物-B,,,,4.900,4.990,-0.090,-1.80,,,
02180,20260909,万宝盛华,4.970,4.970,4.830,4.920,4.970,-0.050,-1.01,29000,142993,
02181,20260909,迈博药业-B,0.415,0.495,0.415,0.475,0.445,+0.030,+6.74,4000,1820,
02182,20260909,天长集团,,,,0.335,0.335,+0.000,+0.00,,,
02185,20260909,百心安-B,1.850,1.850,1.795,1.795,1.830,-0.035,-1.91,6200,11442,
02186,20260909,绿叶制药,1.915,1.915,1.850,1.865,1.920,-0.055,-2.86,23020000,42981183,
02187,20260909,智欣集团控股,0.435,0.435,0.415,0.415,0.415,+0.000,+0.00,428000,179850,
02188,20260909,泰坦能源技术,0.080,0.080,0.064,0.069,0.068,+0.001,+1.47,576000,39444,
02189,20260909,嘉涛(香港)控股,0.485,0.485,0.475,0.480,0.495,-0.015,-3.03,12805,6142,
02190,20260909,归创通桥,21.440,21.440,20.740,21.000,21.240,-0.240,-1.13,422500,8849420,
02192,20260909,医脉通,6.980,7.170,6.930,7.005,7.005,+0.000,+0.00,1220000,8522335,
02193,20260909,万景控股,,,,0.400,0.400,+0.000,+0.00,,,
02195,20260909,盈汇企业控股,,,,0.260,0.260,+0.000,+0.00,,,
02196,20260909,复星医药,17.380,17.530,17.050,17.290,17.260,+0.030,+0.17,4401000,76391163,
02197,20260909,三叶草生物-B,2.100,2.300,2.095,2.140,2.100,+0.040,+1.90,8577500,18558910,
02198,20260909,中国三江化工,3.980,4.215,3.980,4.200,4.050,+0.150,+3.70,1949000,8070710,
02199,20260909,维珍妮,2.480,2.635,2.480,2.600,2.550,+0.050,+1.96,203000,523515,
02202,20260909,万科企业,2.460,2.460,2.375,2.395,2.455,-0.060,-2.44,19448600,46708353,
02203,20260909,脑洞科技,0.126,0.126,0.122,0.122,0.125,-0.003,-2.40,300000,37060,
02205,20260909,康桥悦生活,,,,0.545,0.545,+0.000,+0.00,,,
02208,20260909,金风科技,9.190,9.270,9.090,9.270,9.165,+0.105,+1.15,9867400,90640865,
02209,20260909,喆丽控股,3.440,3.550,3.420,3.520,3.440,+0.080,+2.33,490000,1704075,
02210,20260909,京城佳业,2.090,2.090,2.090,2.090,1.960,+0.130,+6.63,4400,9196,
02211,20260909,大健康国际,0.650,0.660,0.650,0.655,0.665,-0.010,-1.50,31200,20394,
02212,20260909,高鹏矿业,0.150,0.150,0.150,0.150,0.150,+0.000,+0.00,400000,60000,
02215,20260909,德信服务集团,0.213,0.220,0.200,0.204,0.209,-0.005,-2.39,84000,17594,
02216,20260909,堃博医疗-B,0.600,0.620,0.590,0.615,0.615,+0.000,+0.00,207000,124993,
02218,20260909,安德利果汁,23.000,26.940,23.000,26.400,23.000,+3.400,+14.78,6785400,174930280,
02219,20260909,朝聚眼科,2.550,2.575,2.520,2.545,2.535,+0.010,+0.39,181500,460875,
02221,20260909,创业集团控股,0.530,0.530,0.530,0.530,0.530,+0.000,+0.00,12000,6360,
02222,20260909,雷士国际,,,,0.620,0.620,+0.000,+0.00,,,
02223,20260909,卡撒天娇,,,,0.530,0.530,+0.000,+0.00,,,
02225,20260909,今海医疗科技,5.800,6.980,5.800,6.475,5.730,+0.745,+13.00,27589012,181550350,
02226,20260909,老恒和酿造,0.640,0.650,0.640,0.650,0.650,+0.000,+0.00,1000,645,
02227,20260909,守益控股,,,,0.375,0.375,+0.000,+0.00,,,
02228,20260909,晶泰控股,7.135,7.465,7.115,7.265,7.135,+0.130,+1.82,39782900,291079590,
02230,20260909,羚邦集团,0.195,0.199,0.190,0.199,0.195,+0.004,+2.05,445000,85510,
02231,20260909,景业名邦集团,0.017,0.024,0.016,0.019,0.017,+0.002,+11.76,69718000,1381104,
02232,20260909,晶苑国际,6.945,6.960,6.835,6.840,6.945,-0.105,-1.51,786096,5417958,
02233,20260909,西部水泥,1.930,1.965,1.915,1.960,1.925,+0.035,+1.82,7004000,13630610,
02235,20260909,微泰医疗-B,6.725,6.820,6.600,6.660,6.680,-0.020,-0.30,64700,431131,
02236,20260909,惠生工程,0.470,0.495,0.470,0.485,0.465,+0.020,+4.30,617461,302132,
02237,20260909,中国石墨,0.192,0.204,0.191,0.203,0.193,+0.010,+5.18,1040000,205610,
02238,20260909,广汽集团,2.165,2.185,2.145,2.175,2.165,+0.010,+0.46,4946350,10725731,
02239,20260909,国微控股,1.250,1.250,1.250,1.250,1.250,+0.000,+0.00,5000,6250,
02245,20260909,力勤资源,17.870,18.320,17.610,17.680,17.870,-0.190,-1.06,2900000,52403794,
02246,20260909,快狗打车,1.230,1.250,1.160,1.160,1.180,-0.020,-1.69,234245,289000,
02249,20260909,晶合集成,27.220,27.740,26.700,27.640,27.180,+0.460,+1.69,1517800,41449969,
02250,20260909,小黄鸭德盈,0.350,0.350,0.315,0.350,0.350,+0.000,+0.00,73000,23550,
02251,20260909,鹰瞳科技-B,8.415,8.900,8.415,8.800,8.100,+0.700,+8.64,34300,296244,
02252,20260909,微创机器人-B,,,,21.180,21.180,+0.000,+0.00,,,
02255,20260909,海昌海洋公园,0.219,0.219,0.196,0.200,0.221,-0.021,-9.50,26877000,5516707,
02256,20260909,和誉-B,9.195,9.195,8.635,8.825,8.945,-0.120,-1.34,1052000,9254711,
02257,20260909,圣诺医药-B,3.850,3.855,3.660,3.780,3.855,-0.075,-1.95,30950,116673,
02258,20260909,华滋国际海洋,0.295,0.300,0.295,0.300,0.310,-0.010,-3.23,16000,4790,
02259,20260909,紫金黄金国际,160.800,166.500,158.100,163.200,160.000,+3.200,+2.00,6285608,1025862150,
02260,20260909,环龙控股,,,,1.235,1.235,+0.000,+0.00,,,
02261,20260909,拿森科技,16.320,16.320,15.400,15.920,16.200,-0.280,-1.73,1451800,21869225,
02262,20260909,梁志天设计集团,,,,0.400,0.400,+0.000,+0.00,,,
02263,20260909,富石金融,0.325,0.325,0.325,0.325,0.325,+0.000,+0.00,140000,45500,
02265,20260909,鸿承环保科技,1.150,1.180,1.150,1.160,1.150,+0.010,+0.87,580000,674375,
02266,20260909,黎氏企业,,,,0.350,0.350,+0.000,+0.00,,,
02268,20260909,药明合联,74.000,76.300,73.800,74.400,74.700,-0.300,-0.40,3824632,286971680,
02269,20260909,药明生物,49.300,50.150,48.620,48.840,49.300,-0.460,-0.93,21624028,1064472100,
02270,20260909,德商产投服务,,,,6.600,6.800,-0.200,-2.94,,,
02271,20260909,众安智慧生活,2.705,2.800,2.700,2.780,2.815,-0.035,-1.24,492000,1347350,
02272,20260909,科拓股份,95.000,96.800,79.700,87.850,92.100,-4.250,-4.61,101940,8997441,
02273,20260909,固生堂,26.780,27.360,26.460,26.920,26.780,+0.140,+0.52,291600,7824680,
02276,20260909,康耐特光学,43.920,44.600,43.760,44.140,43.920,+0.220,+0.50,1250500,55415365,
02279,20260909,雍禾医疗,2.030,2.040,2.010,2.015,2.030,-0.015,-0.74,338500,682630,
02280,20260909,慧聪集团,,,,0.206,0.206,+0.000,+0.00,,,
02281,20260909,兴泸水务,0.595,0.600,0.580,0.600,0.610,-0.010,-1.64,147000,85950,
02282,20260909,美高梅中国,10.700,10.700,10.340,10.470,10.700,-0.230,-2.15,3786482,39657988,
02283,20260909,东江集团控股,1.605,1.605,1.590,1.595,1.610,-0.015,-0.93,314000,500850,
02285,20260909,泉峰控股,20.000,20.260,19.640,20.000,20.280,-0.280,-1.38,749400,14890418,
02286,20260909,辰兴发展,0.305,0.355,0.300,0.345,0.305,+0.040,+13.11,101000,30635,
02288,20260909,宏基资本,0.149,0.152,0.138,0.151,0.154,-0.003,-1.95,8000,1184,
02289,20260909,创美药业,5.495,5.495,5.495,5.495,5.500,-0.005,-0.09,500,2748,
02290,20260909,龙丰集团,4.095,4.095,3.870,3.915,4.095,-0.180,-4.40,1572500,6210915,
02291,20260909,心泰医疗,10.500,11.420,10.270,10.810,11.100,-0.290,-2.61,225000,2434730,
02293,20260909,百本医护,,,,0.385,0.385,+0.000,+0.00,,,
02295,20260909,丰城控股,5.500,5.500,4.700,4.700,5.050,-0.350,-6.93,630000,3066825,
02297,20260909,润迈德-B,0.162,0.166,0.160,0.166,0.169,-0.003,-1.78,60000,9702,
02298,20260909,都市丽人,0.290,0.290,0.280,0.285,0.285,+0.000,+0.00,1086000,308955,
02299,20260909,百宏实业,,,,5.570,5.520,+0.050,+0.91,,,
02302,20260909,中核国际,3.825,3.925,3.780,3.855,3.805,+0.050,+1.31,218000,840865,
02306,20260909,乐华娱乐,1.930,2.000,1.925,2.000,1.930,+0.070,+3.63,282000,560400,
02307,20260909,锦兴国际控股,,,,0.165,0.165,+0.000,+0.00,,,
02309,20260909,大象未来集团,1.780,1.895,1.750,1.820,1.785,+0.035,+1.96,4090000,7478120,
02310,20260909,时代环球集团,0.181,0.185,0.181,0.185,0.191,-0.006,-3.14,124000,22852,
02312,20260909,LONG投资集团,0.395,0.400,0.385,0.385,0.400,-0.015,-3.75,781000,304770,
02313,20260909,申洲国际,36.520,36.940,35.500,35.980,36.340,-0.360,-0.99,9486997,342372430,
02314,20260909,理文造纸,3.705,3.770,3.685,3.760,3.695,+0.065,+1.76,4242000,15828966,
02315,20260909,百奥赛图-B,59.800,62.050,59.550,60.950,61.750,-0.800,-1.30,1454800,88449805,
02317,20260909,味丹国际,,,,0.745,0.745,+0.000,+0.00,,,
02318,20260909,中国平安,55.250,55.550,54.650,55.450,55.250,+0.200,+0.36,32396575,1790608700,
02319,20260909,蒙牛乳业,18.330,18.490,17.940,18.200,18.500,-0.300,-1.62,20705425,375888160,
02320,20260909,合丰集团,0.250,0.260,0.202,0.225,0.223,+0.002,+0.90,9756000,2313070,
02321,20260909,双财庄,,,,0.500,0.500,+0.000,+0.00,,,
02322,20260909,新质数字,0.058,0.064,0.056,0.062,0.061,+0.001,+1.64,2248000,138008,
02324,20260909,首都创投,,,,0.110,0.110,+0.000,+0.00,160,16,
02325,20260909,云康集团,0.505,0.550,0.500,0.510,0.525,-0.015,-2.86,621000,317670,
02326,20260909,新源万恒控股,,,,0.010,0.010,+0.000,+0.00,,,
02327,20260909,美瑞健康国际,0.233,0.239,0.233,0.238,0.238,+0.000,+0.00,114000,26772,
02328,20260909,中国财险,16.880,17.050,16.620,16.830,16.900,-0.070,-0.41,22487394,379614310,
02329,20260909,国瑞健康,0.097,0.097,0.087,0.096,0.111,-0.015,-13.51,931000,85598,
02330,20260909,中国上城,0.248,0.260,0.237,0.260,0.233,+0.027,+11.59,624000,156032,
02331,20260909,李宁,14.010,14.190,13.230,13.370,14.230,-0.860,-6.04,61093368,820642430,
02333,20260909,长城汽车,7.635,7.670,7.515,7.665,7.635,+0.030,+0.39,24412510,185662780,
02335,20260909,麦科医药-B,26.080,26.520,25.000,26.040,26.100,-0.060,-0.23,617800,16103444,
02336,20260909,硕奥国际,,,,0.245,0.245,+0.000,+0.00,,,
02337,20260909,众诚能源,1.400,1.400,1.345,1.355,1.410,-0.055,-3.90,226000,308370,
02338,20260909,潍柴动力,32.600,34.320,32.580,34.020,31.960,+2.060,+6.45,20937542,707935280,
02339,20260909,京西国际,3.965,4.645,3.965,4.460,4.070,+0.390,+9.58,3809600,16754714,
02340,20260909,昇柏控股,,,,0.145,0.147,-0.002,-1.36,,,
02342,20260909,京信通信,0.720,0.735,0.710,0.725,0.715,+0.010,+1.40,10651023,7665351,
02343,20260909,太平洋航运,4.260,4.450,4.210,4.430,4.270,+0.160,+3.75,29813248,131485374,
02347,20260909,友和集团,0.755,0.755,0.725,0.740,0.755,-0.015,-1.99,120000,88260,
02348,20260909,东瑞制药,1.000,1.000,0.985,0.985,1.005,-0.020,-1.99,192000,190000,
02349,20260909,中国智能基础设施,0.085,0.092,0.085,0.091,0.085,+0.006,+7.06,160000,13684,
02350,20260909,数科集团,0.800,0.830,0.775,0.785,0.770,+0.015,+1.95,955000,764350,
02352,20260909,东原仁知服务,,,,3.800,3.800,+0.000,+0.00,,,
02355,20260909,宝业集团,2.925,2.925,2.925,2.925,3.060,-0.135,-4.41,6000,17550,
02356,20260909,大新银行集团,14.850,14.880,14.450,14.660,14.850,-0.190,-1.28,5191330,75757351,
02357,20260909,中航科工,3.000,3.035,2.965,3.020,2.985,+0.035,+1.17,17649000,53050540,
02358,20260909,久融控股,0.014,0.014,0.013,0.014,0.013,+0.001,+7.69,12700000,175800,
02359,20260909,药明康德,195.100,196.500,192.100,193.200,195.400,-2.200,-1.13,2388278,462425230,
02360,20260909,优品360,1.770,1.790,1.760,1.790,1.760,+0.030,+1.70,344000,611050,
02361,20260909,中康科技控股,,,,4.580,4.610,-0.030,-0.65,,,
02362,20260909,金川国际,,,,0.636,0.636,+0.000,+0.00,,,
02363,20260909,通达宏泰,,,,0.250,0.250,+0.000,+0.00,,,
02367,20260909,巨子生物,26.740,26.740,25.900,26.040,26.840,-0.800,-2.98,2525000,65899766,
02368,20260909,鹰美,,,,2.950,2.960,-0.010,-0.34,,,
02369,20260909,酷派集团,0.525,0.525,0.480,0.480,0.525,-0.045,-8.57,1459600,736468,
02370,20260909,力高健康生活,1.210,1.300,1.210,1.255,1.195,+0.060,+5.02,95000,120925,
02371,20260909,创联控股,,,,0.194,0.194,+0.000,+0.00,,,
02372,20260909,伟立控股,,,,1.030,1.040,-0.010,-0.96,,,
02373,20260909,美丽田园医疗健康,18.050,18.050,17.690,17.820,18.050,-0.230,-1.27,74000,1323960,
02376,20260909,鲁商服务,,,,2.305,2.305,+0.000,+0.00,,,
02377,20260909,博奇环保,0.800,0.800,0.785,0.785,0.800,-0.015,-1.88,22000,17570,
02378,20260909,保诚,107.000,107.000,106.000,106.700,107.000,-0.300,-0.28,36300,3864958,
02380,20260909,中国电力,2.840,2.870,2.805,2.855,2.840,+0.015,+0.53,17589000,50120027,
02381,20260909,蚬壳电业,0.295,0.405,0.280,0.395,0.295,+0.100,+33.90,42060000,15105050,
02382,20260909,舜宇光学科技,67.550,69.750,67.250,69.600,67.300,+2.300,+3.42,9911811,681213150,
02383,20260909,TOM集团,,,,0.365,0.365,+0.000,+0.00,,,
02385,20260909,读书郎,5.255,5.340,5.015,5.015,5.255,-0.240,-4.57,240800,1256022,
02386,20260909,中石化炼化工程,5.875,6.015,5.870,5.950,5.950,+0.000,+0.00,15662000,93318344,
02388,20260909,中银香港,51.650,52.350,51.250,51.950,51.650,+0.300,+0.58,11998915,623804430,
02389,20260909,北京健康,0.079,0.080,0.078,0.080,0.078,+0.002,+2.56,1338000,106962,
02390,20260909,知乎-W,7.040,7.515,7.040,7.510,6.760,+0.750,+11.09,58400,433890,
02391,20260909,涂鸦智能-W,14.240,14.570,13.510,14.300,14.220,+0.080,+0.56,28000,392652,
02392,20260909,玄武云,1.070,1.070,0.960,1.020,1.060,-0.040,-3.77,56000,54795,
02393,20260909,巨星医疗控股,,,,0.059,0.059,+0.000,+0.00,,,
02396,20260909,青城新药-B,4.395,4.395,4.395,4.395,4.395,+0.000,+0.00,600,2637,
02399,20260909,中国安储能源,0.320,0.325,0.315,0.315,0.325,-0.010,-3.08,422000,134645,
02400,20260909,心动公司,43.580,43.580,40.720,41.240,43.580,-2.340,-5.37,4713400,195542640,
02402,20260909,亿华通,12.510,12.790,12.090,12.210,12.270,-0.060,-0.49,284650,3530889,
02405,20260909,力盟科技,0.320,0.340,0.320,0.335,0.310,+0.025,+8.06,260000,83360,
02407,20260909,高视医疗,4.580,4.580,4.450,4.500,4.520,-0.020,-0.44,13300,60109,
02408,20260909,遇见小面,4.250,4.250,3.950,4.000,4.250,-0.250,-5.88,532500,2151603,
02409,20260909,洲际船务,4.340,4.350,4.280,4.335,4.340,-0.005,-0.12,101000,437735,
02410,20260909,同源康医药-B,3.800,3.800,3.225,3.450,3.700,-0.250,-6.76,6084500,20607938,
02411,20260909,百果园集团,1.460,1.470,1.350,1.395,1.455,-0.060,-4.12,2370500,3310843,
02415,20260909,梅斯健康,,,,0.795,0.800,-0.005,-0.63,,,
02416,20260909,易点云,3.195,3.325,3.125,3.225,3.140,+0.085,+2.71,272500,866735,
02418,20260909,德银天下,3.050,3.050,3.005,3.010,3.070,-0.060,-1.95,27000,80565,
02419,20260909,德康农牧,61.750,62.150,59.550,60.450,60.700,-0.250,-0.41,1045200,63749950,
02420,20260909,子不语,5.280,5.300,4.880,5.200,5.180,+0.020,+0.39,436000,2214665,
02421,20260909,嘉创地产,0.570,0.570,0.550,0.565,0.565,+0.000,+0.00,162500,92165,
02422,20260909,润歌互动,1.960,2.005,1.955,2.000,1.925,+0.075,+3.90,188000,372740,
02423,20260909,贝壳-W,45.480,45.560,44.340,44.960,45.820,-0.860,-1.88,18298679,818875310,
02425,20260909,澳亚集团,1.740,1.745,1.740,1.750,1.740,+0.010,+0.57,49897,86800,
02427,20260909,GUANZE MEDICAL,2.355,2.415,2.355,2.390,2.355,+0.035,+1.49,55000,131625,
02429,20260909,友宝在线,1.955,2.005,1.955,1.965,1.965,+0.000,+0.00,269000,528550,
02431,20260909,佑驾创新,2.500,2.500,2.295,2.330,2.465,-0.135,-5.48,2959776,6969237,
02432,20260909,越疆,23.340,23.340,22.660,22.840,22.920,-0.080,-0.35,865788,19793525,
02433,20260909,中天湖南集团,0.068,0.068,0.066,0.066,0.066,+0.000,+0.00,152000,10036,
02436,20260909,凌雄科技,18.360,18.930,18.240,18.400,18.360,+0.040,+0.22,720300,13368243,
02438,20260909,出门问问,0.305,0.310,0.305,0.310,0.315,-0.005,-1.59,846000,258790,
02439,20260909,中宝新材,0.340,0.340,0.300,0.310,0.330,-0.020,-6.06,46868000,15710100,
02440,20260909,迷策略,0.870,0.870,0.870,0.870,0.870,+0.000,+0.00,2000,1740,
02442,20260909,怡俊集团控股,150.000,157.000,140.000,141.500,145.000,-3.500,-2.41,384000,56709000,
02443,20260909,汽车街,1.300,1.345,1.150,1.150,1.315,-0.165,-12.55,1296000,1594673,
02450,20260909,淮北绿金股份,6.870,8.000,6.795,8.000,6.875,+1.125,+16.36,571000,4304290,
02451,20260909,绿源集团控股,13.000,13.250,12.680,12.700,12.930,-0.230,-1.78,2591500,33599155,
02453,20260909,美中嘉和,0.720,0.780,0.715,0.750,0.740,+0.010,+1.35,327600,237819,
02455,20260909,润华服务,0.690,0.695,0.675,0.685,0.690,-0.005,-0.72,132000,91160,
02457,20260909,步阳国际,0.370,0.390,0.370,0.380,0.395,-0.015,-3.80,155000,57775,
02458,20260909,望尘科技控股,6.270,6.270,6.270,6.270,6.270,+0.000,+0.00,800,5016,
02459,20260909,昇能集团,0.700,0.760,0.680,0.755,0.710,+0.045,+6.34,543602,392095,
02460,20260909,华润饮料,7.355,7.440,7.325,7.385,7.445,-0.060,-0.81,627600,4612953,
02465,20260909,龙蟠科技,9.200,9.280,9.080,9.220,9.190,+0.030,+0.33,2691000,24703865,
02469,20260909,粉笔,0.320,0.320,0.295,0.300,0.300,+0.000,+0.00,2661500,804995,
02473,20260909,喜相逢集团,0.460,0.460,0.430,0.430,0.455,-0.025,-5.49,53995000,23639225,
02475,20260909,立讯精密,60.100,62.350,60.050,61.900,59.800,+2.100,+3.51,2602246,160881480,
02476,20260909,胜宏科技,209.600,215.600,208.400,211.400,206.800,+4.600,+2.22,2654200,562810800,
02477,20260909,经纬天地,0.221,0.221,0.209,0.209,0.218,-0.009,-4.13,149866400,32043165,
02479,20260909,天聚地合,,,,65.000,65.000,+0.000,+0.00,,,
02480,20260909,绿竹生物-B,,,,13.430,13.500,-0.070,-0.52,,,
02481,20260909,双良睿能,2.500,2.500,2.500,2.500,2.500,+0.000,+0.00,14000,35000,
02482,20260909,维天运通,0.300,0.300,0.300,0.300,0.300,+0.000,+0.00,20000,6000,
02483,20260909,K CASH集团,,,,1.780,1.780,+0.000,+0.00,,,
02486,20260909,普乐师集团控股,3.670,3.700,3.380,3.570,3.640,-0.070,-1.92,22000,78674,
02487,20260909,科笛-B,1.620,1.665,1.610,1.635,1.695,-0.060,-3.54,50400,82577,
02488,20260909,元征科技,7.050,7.050,6.980,6.995,6.980,+0.015,+0.21,101000,709625,
02489,20260909,集海黄金,0.885,0.895,0.850,0.855,0.885,-0.030,-3.39,2795000,2447850,
02490,20260909,乐舱物流,4.220,4.500,4.200,4.280,4.200,+0.080,+1.90,1011300,4400682,
02493,20260909,迈威生物-B,21.160,21.160,20.400,20.600,20.840,-0.240,-1.15,104600,2142676,
02495,20260909,声通科技,29.100,29.440,28.800,29.280,29.520,-0.240,-0.81,13500,392487,
02496,20260909,友芝友生物-B,,,,3.300,3.300,+0.000,+0.00,,,
02497,20260909,富景中国控股,0.475,0.550,0.475,0.505,0.470,+0.035,+7.45,1510000,773390,
02498,20260909,速腾聚创,17.570,18.080,17.370,17.910,17.570,+0.340,+1.94,3040051,54137243,
02499,20260909,佛朗斯股份,5.695,5.695,5.500,5.660,5.685,-0.025,-0.44,2200,12444,
02500,20260909,启明医疗-B,1.240,1.275,1.200,1.210,1.240,-0.030,-2.42,206500,253340,
02501,20260909,迈越科技,1.895,1.925,1.850,1.900,1.895,+0.005,+0.26,314000,595040,
02502,20260909,金源氢化,,,,0.600,0.600,+0.000,+0.00,,,
02503,20260909,中深建业,0.250,0.260,0.245,0.260,0.250,+0.010,+4.00,27064000,6768856,
02505,20260909,EDA集团控股,0.530,0.530,0.530,0.530,0.530,+0.000,+0.00,30000,15900,
02506,20260909,讯飞医疗科技,69.950,70.150,67.950,68.700,70.900,-2.200,-3.10,129750,8941578,
02507,20260909,西锐,44.640,45.760,44.540,45.480,45.080,+0.400,+0.89,375278,17018969,
02508,20260909,圣贝拉集团,2.925,3.015,2.925,2.980,3.100,-0.120,-3.87,258500,763730,
02509,20260909,荃信生物-B,16.400,16.900,16.300,16.340,16.500,-0.160,-0.97,30800,508149,
02510,20260909,德翔海运,13.800,14.200,13.630,14.090,13.890,+0.200,+1.44,4051539,56751694,
02511,20260909,君圣泰医药-B,3.500,3.785,3.495,3.670,3.645,+0.025,+0.69,1395500,5036253,
02512,20260909,云工场,2.620,2.620,2.620,2.770,2.770,+0.000,+0.00,1000,2620,
02513,20260909,智谱,924.000,933.500,897.000,913.500,916.000,-2.500,-0.27,3423259,3125907900,
02515,20260909,天津建发,3.345,3.470,3.325,3.470,3.460,+0.010,+0.29,32000,107970,
02516,20260909,泛远国际,0.725,0.740,0.725,0.730,0.735,-0.005,-0.68,96000,70220,
02517,20260909,锅圈,1.745,1.745,1.695,1.705,1.745,-0.040,-2.29,3582400,6120018,
02518,20260909,汽车之家-S,42.400,42.400,41.060,41.060,42.500,-1.440,-3.39,800,33652,
02519,20260909,傲基股份,,,,3.995,3.995,+0.000,+0.00,,,
02520,20260909,山西安装,2.235,2.320,2.225,2.320,2.250,+0.070,+3.11,128000,287910,
02521,20260909,升辉清洁,0.945,0.955,0.940,0.955,0.950,+0.005,+0.53,112500,106050,
02522,20260909,一脉阳光,5.015,5.400,5.000,5.380,4.965,+0.415,+8.36,672600,3551633,
02525,20260909,禾赛-W,17.880,18.760,17.840,18.510,18.140,+0.370,+2.04,5903040,108893352,
02526,20260909,德适-B,436.000,480.200,400.000,428.200,434.000,-5.800,-1.34,93953,42665776,
02528,20260909,尚晋国际控股,,,,0.890,0.890,+0.000,+0.00,,,
02529,20260909,泓盈城市服务,,,,2.725,2.725,+0.000,+0.00,,,
02530,20260909,纽曼思,0.715,0.715,0.710,0.715,0.725,-0.010,-1.38,168000,119840,
02531,20260909,广联科技控股,4.750,4.750,4.750,4.750,4.750,+0.000,+0.00,6500,30875,
02533,20260909,黑芝麻智能,10.210,10.300,9.805,9.855,10.210,-0.355,-3.48,10413714,104159416,
02535,20260909,泓基集团,0.695,0.695,0.680,0.695,0.695,+0.000,+0.00,1580000,1083200,
02536,20260909,百乐皇宫,0.605,0.605,0.600,0.600,0.620,-0.020,-3.23,12000,7250,
02539,20260909,乐摩科技,9.030,9.030,8.995,8.975,8.895,+0.080,+0.90,900,8127,
02540,20260909,乐思集团,0.830,0.830,0.805,0.805,0.805,+0.000,+0.00,12500,10313,
02543,20260909,大行科工,37.200,37.200,36.220,36.220,37.120,-0.900,-2.42,22700,830668,
02545,20260909,中赣通信,0.435,0.450,0.400,0.420,0.415,+0.005,+1.20,300000,123920,
02546,20260909,智汇矿业,19.400,19.470,18.580,19.430,18.960,+0.470,+2.48,430000,8235540,
02549,20260909,卡罗特,3.885,3.925,3.880,3.880,3.860,+0.020,+0.52,78500,304773,
02550,20260909,宜搜科技,1.950,2.010,1.950,2.010,1.945,+0.065,+3.34,602500,1202525,
02551,20260909,晶科电子股份,1.560,1.580,1.560,1.575,1.570,+0.005,+0.32,20000,31290,
02552,20260909,华领医药-B,2.530,2.530,2.445,2.480,2.530,-0.050,-1.98,811500,2012045,
02553,20260909,首钢朗泽,19.800,20.380,18.500,19.120,19.800,-0.680,-3.43,636200,12156090,
02555,20260909,茶百道,4.255,4.295,4.190,4.240,4.260,-0.020,-0.47,617200,2603875,
02556,20260909,迈富时,60.950,62.000,59.550,60.150,61.750,-1.600,-2.59,3251900,197281640,
02558,20260909,晋商银行,,,,1.110,1.110,+0.000,+0.00,,,
02559,20260909,嘀嗒出行-PF,1.075,1.095,1.030,1.050,1.075,-0.025,-2.33,844500,899713,
02560,20260909,海螺材料科技,1.405,1.405,1.380,1.390,1.400,-0.010,-0.71,424000,591545,
02561,20260909,维昇药业-B,19.610,19.610,19.020,19.100,20.000,-0.900,-4.50,3600,70081,
02562,20260909,狮腾控股,0.715,0.715,0.665,0.680,0.730,-0.050,-6.85,15482894,10618894,
02563,20260909,华昊中天医药-B,3.910,4.000,3.910,4.000,3.920,+0.080,+2.04,40200,158014,
02565,20260909,派格生物医药-B,5.610,5.795,5.550,5.580,5.640,-0.060,-1.06,3988350,22486587,
02566,20260909,九源基因,,,,5.180,5.180,+0.000,+0.00,,,
02567,20260909,七牛智能,0.345,0.345,0.335,0.345,0.350,-0.005,-1.43,173000,58850,
02569,20260909,舒宝国际,1.365,1.380,1.305,1.360,1.335,+0.025,+1.87,1180000,1612625,
02570,20260909,重塑能源,9.915,9.915,8.900,9.105,9.600,-0.495,-5.16,478060,4536993,
02571,20260909,赛目科技,16.000,16.000,16.000,16.000,16.000,+0.000,+0.00,2600,41600,
02573,20260909,新琪安,,,,5.500,5.500,+0.000,+0.00,,,
02575,20260909,轩竹生物-B,10.310,10.310,9.200,9.565,9.900,-0.335,-3.38,1676700,15954472,
02576,20260909,太美医疗科技,5.100,5.100,4.905,5.010,5.000,+0.010,+0.20,61600,305836,
02577,20260909,英诺赛科,43.780,46.280,43.640,44.940,43.200,+1.740,+4.03,4850900,219080380,
02579,20260909,中伟新材,24.620,24.820,24.320,24.540,24.620,-0.080,-0.32,557400,13690680,
02580,20260909,奥克斯电气,9.995,9.995,9.655,9.700,9.765,-0.065,-0.67,321400,3127517,
02581,20260909,明基医院,2.785,2.785,2.770,2.770,2.790,-0.020,-0.72,5500,15265,
02582,20260909,国富氢能,5.880,5.975,5.350,5.400,6.060,-0.660,-10.89,1200850,6588893,
02583,20260909,西普尼,87.600,87.600,78.950,79.000,83.500,-4.500,-5.39,297600,24171850,
02585,20260909,梦金园,27.400,30.600,27.300,29.100,27.880,+1.220,+4.38,136200,4019944,
02586,20260909,多点数智,4.150,4.150,3.900,3.905,4.105,-0.200,-4.87,2283400,9101618,
02587,20260909,健康之路,1.175,1.175,1.035,1.045,1.175,-0.130,-11.06,14663500,15606488,
02588,20260909,中银航空租赁,75.200,75.200,73.500,74.450,74.500,-0.050,-0.07,809621,60169618,
02589,20260909,沪上阿姨,81.000,81.400,80.250,80.500,81.400,-0.900,-1.11,45430,3668869,
02590,20260909,极智嘉-W,9.430,9.610,9.215,9.350,9.340,+0.010,+0.11,4833200,45164327,
02591,20260909,银诺医药-B,3.735,4.035,3.605,3.835,3.695,+0.140,+3.79,29032000,110806795,
02592,20260909,拨康视云-B,1.165,1.210,1.165,1.190,1.165,+0.025,+2.15,18500,21635,
02593,20260909,草姬集团,0.930,0.960,0.925,0.960,0.930,+0.030,+3.23,70400,66344,
02595,20260909,劲方医药-B,27.060,27.060,25.500,26.300,27.060,-0.760,-2.81,1490400,38951840,
02596,20260909,宜宾银行,,,,2.640,2.640,+0.000,+0.00,,,
02597,20260909,讯众通信,34.760,34.920,34.760,35.000,35.020,-0.020,-0.06,16000,557430,
02598,20260909,连连数字,3.760,3.805,3.700,3.705,3.760,-0.055,-1.46,532000,1983648,
02600,20260909,中国铝业,8.780,8.975,8.680,8.900,8.711,+0.189,+2.17,41983854,371126240,
02601,20260909,中国太保,29.500,29.860,29.180,29.300,29.500,-0.200,-0.68,9342737,275273400,
02602,20260909,万物云,19.600,19.870,19.230,19.760,19.600,+0.160,+0.82,583040,11397875,
02603,20260909,吉宏股份,12.960,13.240,12.640,12.800,13.080,-0.280,-2.14,2089500,26788565,
02605,20260909,元光科技,1.160,1.175,1.100,1.140,1.165,-0.025,-2.15,109200,125062,
02607,20260909,上海医药,11.590,11.620,11.480,11.510,11.540,-0.030,-0.26,1557200,17954294,
02608,20260909,阳光100中国,0.010,0.012,0.010,0.011,0.011,+0.000,+0.00,162425000,1709755,
02609,20260909,佰泽医疗,2.900,2.965,2.820,2.820,2.900,-0.080,-2.76,8850600,25772412,
02610,20260909,南山铝业国际,26.400,27.200,26.100,27.160,26.020,+1.140,+4.38,650879,17462188,
02611,20260909,国泰海通,14.880,15.160,14.770,15.040,14.870,+0.170,+1.14,11497972,172316660,
02613,20260909,汇舸环保,30.980,31.000,30.980,31.000,31.000,+0.000,+0.00,400,12396,
02616,20260909,基石药业-B,6.240,6.295,6.000,6.165,6.175,-0.010,-0.16,24703000,151290430,
02617,20260909,药捷安康-B,9.800,9.800,9.380,9.400,9.685,-0.285,-2.94,3406500,32356860,
02618,20260909,京东物流,11.030,11.070,10.840,10.880,11.020,-0.140,-1.27,11314812,123284851,
02619,20260909,香江电器,,,,1.260,1.265,-0.005,-0.40,,,
02621,20260909,手回集团,2.760,2.830,2.755,2.830,2.790,+0.040,+1.43,12000,33142,
02623,20260909,香港黄金产业集团,3.600,3.650,3.505,3.585,3.555,+0.030,+0.84,976500,3490880,
02625,20260909,江苏宏信,1.880,1.950,1.760,1.815,1.860,-0.045,-2.42,214000,383045,
02627,20260909,中慧生物-B,,,,29.320,29.320,+0.000,+0.00,,,
02628,20260909,中国人寿,29.640,29.960,29.040,29.480,29.620,-0.140,-0.47,34224222,1010001950,
02629,20260909,MIRXES-B,,,,12.410,12.410,+0.000,+0.00,,,
02630,20260909,旺山旺水-B,88.000,91.000,81.000,81.900,88.150,-6.250,-7.09,54800,4509700,
02631,20260909,天岳先进,65.500,66.400,64.600,65.000,64.050,+0.950,+1.48,1050300,68579845,
02632,20260909,泽景股份,69.000,72.250,60.000,61.200,66.450,-5.250,-7.90,102550,6850248,
02633,20260909,雅各臣科研制药,0.980,0.985,0.965,0.965,0.980,-0.015,-1.53,708000,686070,
02635,20260909,诺比侃,10.140,10.290,9.890,9.995,10.150,-0.155,-1.53,1043500,10404136,
02637,20260909,海西新药,195.100,201.400,191.400,192.300,196.700,-4.400,-2.24,128250,25229245,
02638,20260909,港灯-SS,6.305,6.360,6.300,6.360,6.305,+0.055,+0.87,3305780,20968068,
02643,20260909,曹操出行,13.200,13.460,13.100,13.150,13.160,-0.010,-0.08,710400,9382406,
02648,20260909,安井食品,62.800,62.800,60.050,60.250,63.450,-3.200,-5.04,1249500,75782285,
02649,20260909,优乐赛共享,,,,3.900,3.900,+0.000,+0.00,,,
02650,20260909,挚达科技,6.895,7.370,6.245,7.200,6.810,+0.390,+5.73,25434400,176018460,
02651,20260909,大众口腔,29.880,29.880,29.300,29.500,28.680,+0.820,+2.86,12900,379908,
02652,20260909,长风药业,10.080,10.090,9.200,9.285,9.970,-0.685,-6.87,2488600,23822362,
02655,20260909,果下科技,15.880,15.880,15.530,15.650,15.710,-0.060,-0.38,508300,7954315,
02656,20260909,健康160,10.120,9.805,9.025,9.180,9.810,-0.630,-6.42,1347750,12548573,
02657,20260909,林清轩,53.500,54.500,52.800,53.800,54.350,-0.550,-1.01,95500,5116925,
02658,20260909,天域半导体,37.720,38.920,36.220,38.000,37.560,+0.440,+1.17,155650,5804425,
02659,20260909,宝济药业-B,16.000,16.160,15.500,15.800,16.000,-0.200,-1.25,325300,5117792,
02660,20260909,禅游科技,2.330,2.390,2.330,2.350,2.340,+0.010,+0.43,309000,730640,
02661,20260909,轻松健康,4.680,4.695,4.420,4.440,4.660,-0.220,-4.72,5783800,26135858,
02663,20260909,应力控股,0.440,0.480,0.440,0.465,0.440,+0.025,+5.68,120000,55250,
02665,20260909,图达通,2.080,2.115,2.065,2.085,2.100,-0.015,-0.71,1911000,3998195,
02666,20260909,环球医疗,4.735,4.760,4.665,4.700,4.735,-0.035,-0.74,4474500,21015468,
02667,20260909,同仁堂医养,2.400,2.400,2.340,2.400,2.400,+0.000,+0.00,52500,124530,
02668,20260909,百德国际,0.530,0.550,0.480,0.495,0.535,-0.040,-7.48,26460000,13579250,
02669,20260909,中海物业,3.540,3.565,3.500,3.535,3.545,-0.010,-0.28,3796824,13459497,
02670,20260909,云迹,104.300,104.300,86.400,87.150,104.300,-17.150,-16.44,481950,45104635,
02671,20260909,美联股份,,,,4.980,4.980,+0.000,+0.00,,,
02672,20260909,白鸽在线,34.500,37.900,31.480,31.860,33.880,-2.020,-5.96,4702000,162065650,
02675,20260909,精锋医疗-B,36.800,37.840,36.360,37.760,36.660,+1.100,+3.00,608100,22687874,
02676,20260909,纳芯微,158.800,163.800,155.100,160.000,155.200,+4.800,+3.09,123212,19671618,
02677,20260909,卓正医疗,23.500,23.880,22.000,23.580,23.040,+0.540,+2.34,4250,99652,
02678,20260909,天虹国际集团,5.880,5.900,5.750,5.750,5.900,-0.150,-2.54,263000,1529393,
02680,20260909,南强控股,6.500,6.500,6.500,6.500,6.600,-0.100,-1.52,12000,78000,
02682,20260909,润利海事,0.121,0.121,0.121,0.119,0.125,-0.006,-4.80,180000,21712,
02683,20260909,华新手袋国际控股,1.105,1.105,1.095,1.095,1.090,+0.005,+0.46,58000,63890,
02685,20260909,量化派,3.900,3.910,3.755,3.760,3.880,-0.120,-3.09,15127500,57721230,
02687,20260909,卓越睿新,340.800,345.400,326.200,343.400,340.400,+3.000,+0.88,161700,54702100,
02688,20260909,新奥能源,51.550,51.850,50.800,51.450,51.400,+0.050,+0.10,5154184,264523030,
02689,20260909,玖龙纸业,6.450,6.585,6.330,6.570,6.410,+0.160,+2.50,7512000,48843080,
02691,20260909,南华期货股份,6.975,7.030,6.815,6.900,6.975,-0.075,-1.08,813177,5639883,
02692,20260909,兆威机电,38.600,39.260,37.900,38.660,38.740,-0.080,-0.21,291400,11214261,
02693,20260909,金岩高岭新材,2.980,2.980,2.900,2.980,2.980,+0.000,+0.00,1000,2940,
02695,20260909,印象大红袍,1.200,1.200,1.165,1.180,1.200,-0.020,-1.67,183000,215980,
02696,20260909,复宏汉霖,65.800,69.450,65.550,67.200,65.900,+1.300,+1.97,1379700,93375190,
02697,20260909,真健康医疗-B,369.000,369.000,288.000,293.000,346.600,-53.600,-15.46,80720,25831108,
02698,20260909,乐舒适,30.100,30.300,29.600,30.000,30.100,-0.100,-0.33,1790545,53582982,
02699,20260909,新明中国,5.580,5.580,5.450,5.500,5.700,-0.200,-3.51,44400,247154,
02700,20260909,格林国际控股,0.585,0.585,0.585,0.585,0.580,+0.005,+0.86,20000,11700,
02701,20260909,国民技术,8.980,9.090,8.500,8.500,8.835,-0.335,-3.79,2488600,21841626,
02706,20260909,海致科技集团,53.500,53.950,50.450,51.000,53.500,-2.500,-4.67,1086602,55967922,
02714,20260909,牧原股份,39.160,39.900,38.880,39.420,39.520,-0.100,-0.25,2422593,95455340,
02715,20260909,埃斯顿,16.030,16.030,15.150,15.240,15.910,-0.670,-4.21,4636663,71774046,
02718,20260909,明略科技-W,50.550,50.700,47.160,47.780,49.700,-1.920,-3.86,2489200,120855587,
02720,20260909,乐欣户外,28.200,29.040,27.360,27.620,28.120,-0.500,-1.78,67000,1850980,
02722,20260909,重庆机电,1.800,1.895,1.800,1.850,1.815,+0.035,+1.93,6059533,11262014,
02723,20260909,深演智能,720.000,741.000,670.000,694.000,703.000,-9.000,-1.28,153544,107949132,
02726,20260909,瀚天天成,101.500,107.100,101.500,104.500,103.500,+1.000,+0.97,321450,33814085,
02727,20260909,上海电气,3.070,3.100,3.035,3.100,3.075,+0.025,+0.81,11886000,36534090,
02728,20260909,金泰能源控股,0.020,0.030,0.020,0.027,0.019,+0.008,+42.11,50636000,1275144,
02729,20260909,凯乐士科技,36.000,36.480,33.900,36.040,36.000,+0.040,+0.11,381200,13580004,
02738,20260909,华津国际控股,0.350,0.350,0.240,0.248,0.400,-0.152,-38.00,15539900,4215422,
02768,20260909,国恩科技,36.400,38.200,36.400,36.620,36.800,-0.180,-0.49,1018400,38084463,
02772,20260909,中梁控股,0.039,0.039,0.037,0.038,0.040,-0.002,-5.00,1379500,52412,
02777,20260909,富力地产,0.157,0.158,0.125,0.132,0.157,-0.025,-15.92,17550800,2426506,
02779,20260909,中国新华教育,0.345,0.345,0.315,0.330,0.350,-0.020,-5.71,35000,11540,
02788,20260909,创新实业,17.110,18.350,17.110,18.220,17.230,+0.990,+5.75,4380398,78552308,
02789,20260909,远大中国,0.168,0.180,0.160,0.178,0.171,+0.007,+4.09,462000,77186,
02797,20260909,齐云山食品,101.900,101.900,93.050,93.600,97.600,-4.000,-4.10,9000,863675,
02798,20260909,久泰邦达能源,0.900,0.930,0.825,0.830,0.885,-0.055,-6.21,855000,767300,
02799,20260909,中信金融资产,0.655,0.660,0.640,0.640,0.655,-0.015,-2.29,45489000,29400710,
02858,20260909,易鑫集团,1.160,1.170,1.145,1.160,1.165,-0.005,-0.43,12711000,14709353,
02863,20260909,高丰集团控股,0.800,0.805,0.780,0.785,0.800,-0.015,-1.88,465000,368640,
02865,20260909,钧达股份,14.200,14.220,13.680,13.730,13.960,-0.230,-1.65,3162500,43981088,
02866,20260909,中远海发,0.945,0.965,0.940,0.965,0.945,+0.020,+2.12,14412000,13738325,
02869,20260909,绿城服务,4.230,4.300,4.210,4.280,4.275,+0.005,+0.12,2555700,10927152,
02877,20260909,神威药业,7.600,8.410,7.580,8.300,7.452,+0.848,+11.38,6194475,49874434,
02878,20260909,晶门半导体,0.249,0.250,0.247,0.249,0.249,+0.000,+0.00,400000,99806,
02880,20260909,辽港股份,0.685,0.685,0.675,0.680,0.685,-0.005,-0.73,5170600,3500875,
02881,20260909,武汉有机,9.505,9.655,9.450,9.465,10.470,-1.005,-9.60,19500,185948,
02882,20260909,金至尊集团,,,,0.400,0.400,+0.000,+0.00,,,
02883,20260909,中海油田服务,7.680,7.695,7.470,7.685,7.650,+0.035,+0.46,12514004,95526620,
02885,20260909,彼岸控股,0.935,0.955,0.935,0.950,0.935,+0.015,+1.60,1402000,1325030,
02886,20260909,滨海投资,1.155,1.185,1.155,1.185,1.155,+0.030,+2.60,252000,294420,
02888,20260909,渣打集团,242.000,244.800,240.200,242.600,239.400,+3.200,+1.34,739082,179585130,
02889,20260909,博泰车联,116.800,117.900,108.400,109.600,116.800,-7.200,-6.16,437680,48762874,
02892,20260909,万城控股,,,,0.615,0.615,+0.000,+0.00,,,
02898,20260909,盛禾生物-B,,,,6.390,6.390,+0.000,+0.00,,,
02899,20260909,紫金矿业,37.300,37.900,36.860,37.600,36.960,+0.640,+1.73,33639021,1260551860,
02901,20260909,花样年控股（旧）,,,,0.070,0.070,+0.000,+0.00,,,
02908,20260909,北京体育文化－旧,,,,0.760,0.760,+0.000,+0.00,,,
02909,20260909,意力国际（八千）,,,,5.300,5.300,+0.000,+0.00,,,
02910,20260909,亚洲策略（一万）,,,,3.435,3.435,+0.000,+0.00,,,
02912,20260909,永义国际,,,,1.290,1.290,+0.000,+0.00,200,248,
02913,20260909,天成控股,0.600,0.600,0.600,0.600,0.600,+0.000,+0.00,2000,1200,
02914,20260909,阿尔法企业－二万,,,,0.280,0.280,+0.000,+0.00,,,
02918,20260909,智算能建（一万）,,,,0.745,0.745,+0.000,+0.00,,,
02919,20260909,粤港湾智算－二千,,,,11.770,11.770,+0.000,+0.00,,,
03200,20260909,大族数控,107.700,111.400,105.600,107.000,106.000,+1.000,+0.94,1202000,130168180,
03223,20260909,君正股份,100.000,100.000,99.300,99.950,100.000,-0.050,-0.05,139900,13941225,
03231,20260909,优地机器人,35.000,39.960,30.840,36.680,14.450,+22.230,+153.84,7167201,227391010,
03268,20260909,美格智能,23.500,23.500,20.400,20.500,21.920,-1.420,-6.48,3057900,66491736,
03277,20260909,长光辰芯,87.000,90.800,80.050,81.300,87.200,-5.900,-6.77,1692900,142980930,
03288,20260909,海天味业,28.400,28.400,27.740,27.920,28.300,-0.380,-1.34,1913782,53303993,
03296,20260909,华勤技术,73.950,75.450,72.400,74.450,72.900,+1.550,+2.13,509500,37732558,
03300,20260909,中国玻璃,0.320,0.325,0.305,0.310,0.320,-0.010,-3.13,1296000,406180,
03301,20260909,融信中国,0.085,0.085,0.075,0.076,0.081,-0.005,-6.17,751000,57054,
03302,20260909,精技集团,0.310,0.310,0.295,0.305,0.300,+0.005,+1.67,254000,75910,
03303,20260909,巨涛海洋石油服务,0.405,0.405,0.400,0.400,0.405,-0.005,-1.23,490000,196250,
03306,20260909,江南布衣,20.440,20.840,19.510,19.590,20.840,-1.250,-6.00,1293500,25778835,
03308,20260909,中际旭创,1230.000,1239.000,1163.000,1173.000,1161.000,+12.000,+1.03,1908191,2294769600,
03309,20260909,希玛医疗,0.915,0.900,0.830,0.830,0.850,-0.020,-2.35,672624,562262,
03310,20260909,云英谷科技,25.800,28.260,25.800,26.700,25.800,+0.900,+3.49,1869800,50611432,
03311,20260909,中国建筑国际,8.480,8.695,8.370,8.605,8.510,+0.095,+1.12,13177332,113071556,
03313,20260909,雅高控股,0.670,0.675,0.665,0.675,0.675,+0.000,+0.00,60300,40392,
03315,20260909,金邦达宝嘉,0.620,0.625,0.605,0.625,0.620,+0.005,+0.81,28000,17395,
03316,20260909,滨江服务,21.700,21.780,21.340,21.420,21.820,-0.400,-1.83,167500,3597690,
03317,20260909,迅策,120.900,121.900,110.700,112.700,119.700,-7.000,-5.85,1747500,202120930,
03318,20260909,中国波顿,3.050,3.065,2.940,3.065,3.030,+0.035,+1.16,771197,2315669,
03319,20260909,雅生活服务,1.690,1.690,1.630,1.660,1.660,+0.000,+0.00,1961000,3223834,
03320,20260909,华润医药,4.515,4.515,4.420,4.465,4.490,-0.025,-0.56,17518826,78131715,
03321,20260909,中科集团控股,1.000,1.025,0.950,0.995,0.970,+0.025,+2.58,1540000,1528450,
03322,20260909,永嘉集团,0.184,0.190,0.184,0.190,0.190,+0.000,+0.00,76000,14068,
03323,20260909,中国建材,3.450,3.480,3.330,3.460,3.450,+0.010,+0.29,70023541,237357950,
03328,20260909,交通银行,7.770,7.915,7.735,7.890,7.860,+0.030,+0.38,33090057,260795160,
03329,20260909,交银国际,0.460,0.465,0.455,0.465,0.460,+0.005,+1.09,1852000,851995,
03330,20260909,灵宝黄金,23.560,24.480,22.920,24.160,23.600,+0.560,+2.37,21370273,511184900,
03332,20260909,中生联合,0.151,0.151,0.150,0.150,0.151,-0.001,-0.66,1456000,218500,
03336,20260909,巨腾国际,2.505,2.550,2.425,2.465,2.505,-0.040,-1.60,2368000,5868340,
03337,20260909,安东油田服务,0.960,0.995,0.940,0.960,0.950,+0.010,+1.05,8812000,8469750,
03339,20260909,中国龙工,3.500,3.580,3.480,3.560,3.500,+0.060,+1.71,4587998,16347178,
03347,20260909,泰格医药,41.580,43.480,40.900,43.160,41.580,+1.580,+3.80,2254900,96358956,
03348,20260909,中国鹏飞集团,,,,1.360,1.360,+0.000,+0.00,4000,5440,
03355,20260909,飞速创新,43.000,48.080,41.520,41.960,42.100,-0.140,-0.33,3140800,141203210,
03360,20260909,远东宏信,7.070,7.090,6.705,6.785,7.055,-0.270,-3.83,11525562,78388390,
03363,20260909,正业国际,,,,0.360,0.360,+0.000,+0.00,,,
03366,20260909,华侨城(亚洲),0.200,0.201,0.192,0.200,0.197,+0.003,+1.52,334000,66228,
03368,20260909,百盛集团,0.132,0.143,0.128,0.134,0.148,-0.014,-9.46,197000,25884,
03369,20260909,秦港股份,2.410,2.460,2.410,2.455,2.440,+0.015,+0.61,1111500,2721520,
03377,20260909,远洋集团,0.045,0.046,0.043,0.045,0.046,-0.001,-2.17,18494000,824101,
03378,20260909,翰思艾泰-B,29.020,29.020,28.240,28.280,29.060,-0.780,-2.68,2300,65580,
03380,20260909,龙光集团,1.360,1.365,1.330,1.340,1.360,-0.020,-1.47,2799000,3754220,
03382,20260909,天津港发展,0.635,0.635,0.625,0.635,0.630,+0.005,+0.79,732000,464610,
03383,20260909,雅居乐集团,0.164,0.165,0.160,0.160,0.168,-0.008,-4.76,560000,90736,
03388,20260909,创想三维,23.000,23.000,21.120,22.000,23.000,-1.000,-4.35,2716650,59738526,
03389,20260909,亨得利,0.345,0.345,0.315,0.330,0.340,-0.010,-2.94,1560000,504320,
03390,20260909,满贯集团,,,,0.250,0.250,+0.000,+0.00,,,
03393,20260909,威胜控股,14.410,15.200,14.000,14.900,14.260,+0.640,+4.49,4548448,67829380,
03395,20260909,吉星新能源,0.199,0.199,0.174,0.185,0.189,-0.004,-2.12,56000,10400,
03396,20260909,联想控股,17.900,18.980,17.660,18.980,17.580,+1.400,+7.96,15010400,278500540,
03398,20260909,华鼎控股,0.060,0.064,0.060,0.062,0.063,-0.001,-1.59,912000,56060,
03399,20260909,粤运交通,1.285,1.285,1.270,1.270,1.260,+0.010,+0.79,152000,194580,
03600,20260909,现代牙科,7.825,7.830,7.650,7.655,7.595,+0.060,+0.79,247437,1905698,
03601,20260909,鲁大师,0.640,0.640,0.610,0.610,0.625,-0.015,-2.40,41000,25040,
03603,20260909,信基沙溪,0.080,0.085,0.079,0.085,0.076,+0.009,+11.84,51000,4167,
03606,20260909,福耀玻璃,55.250,55.950,55.150,55.600,55.550,+0.050,+0.09,3214330,178454420,
03613,20260909,同仁堂国药,5.960,6.035,5.945,5.980,6.025,-0.045,-0.75,492000,2946675,
03616,20260909,恒达集团控股,0.200,0.203,0.199,0.203,0.207,-0.004,-1.93,202000,40350,
03618,20260909,重庆农村商业银行,6.435,6.435,6.325,6.365,6.400,-0.035,-0.55,6367486,40570866,
03623,20260909,中国金融发展,0.570,0.570,0.570,0.570,0.600,-0.030,-5.00,32000,18240,
03625,20260909,傅里叶,67.000,70.050,59.500,61.000,67.800,-6.800,-10.03,125200,7977990,
03626,20260909,启明东方控股,1.920,2.040,1.890,1.990,1.875,+0.115,+6.13,176000,344000,
03628,20260909,仁恒实业控股,0.209,0.209,0.209,0.207,0.200,+0.007,+3.50,60000,12540,
03633,20260909,中裕能源,2.780,2.815,2.770,2.795,2.775,+0.020,+0.72,1720000,4801695,
03636,20260909,金浔资源,17.000,18.950,17.000,18.940,16.710,+2.230,+13.35,446200,8100454,
03638,20260909,亨利加集团,3.500,3.500,3.040,3.280,3.325,-0.045,-1.35,77000,243575,
03639,20260909,亿达中国,0.048,0.048,0.044,0.046,0.048,-0.002,-4.17,3286000,152514,
03650,20260909,KEEP,1.485,1.490,1.430,1.435,1.495,-0.060,-4.01,236100,342252,
03658,20260909,新希望服务,1.675,1.675,1.670,1.675,1.675,+0.000,+0.00,67000,112755,
03660,20260909,奇富科技-S,33.680,34.740,33.600,33.660,33.740,-0.080,-0.24,23100,781551,
03661,20260909,圣邦股份,87.950,91.500,86.800,89.000,87.550,+1.450,+1.66,238300,21266345,
03662,20260909,星悦康旅,0.370,0.380,0.370,0.380,0.360,+0.020,+5.56,474000,179300,
03666,20260909,上海小南国,,,,0.024,0.024,+0.000,+0.00,,,
03668,20260909,兖煤澳大利亚,36.200,36.940,36.000,36.480,36.220,+0.260,+0.72,2403200,87836094,
03669,20260909,永达汽车,0.810,0.840,0.810,0.810,0.830,-0.020,-2.41,989000,809535,
03677,20260909,正力新能,4.670,4.690,4.550,4.595,4.670,-0.075,-1.61,2459300,11351701,
03678,20260909,弘业期货,2.300,2.300,2.260,2.270,2.295,-0.025,-1.09,1848000,4205705,
03680,20260909,瑞和数智,2.490,2.490,2.325,2.410,2.480,-0.070,-2.82,1682000,4009280,
03681,20260909,中国抗体-B,1.100,1.140,1.100,1.120,1.120,+0.000,+0.00,637500,717825,
03683,20260909,荣丰亿控股,0.036,0.063,0.036,0.040,0.036,+0.004,+11.11,37250000,1676508,
03686,20260909,祈福生活服务,,,,0.475,0.475,+0.000,+0.00,,,
03688,20260909,莱蒙国际,0.186,0.186,0.185,0.185,0.185,+0.000,+0.00,17500,3243,
03689,20260909,康华医疗,,,,1.900,1.900,+0.000,+0.00,,,
03690,20260909,美团-W,80.200,80.200,77.100,77.800,80.600,-2.800,-3.47,31841713,2487959000,
03692,20260909,翰森制药,36.600,36.780,33.840,34.800,36.080,-1.280,-3.55,16326447,572905360,
03696,20260909,英矽智能,52.000,55.400,51.100,53.000,50.850,+2.150,+4.23,21511477,1146697910,
03698,20260909,徽商银行,4.800,4.900,4.785,4.900,4.815,+0.085,+1.77,4831300,23481269,
03699,20260909,光大永年,0.410,0.415,0.410,0.415,0.445,-0.030,-6.74,40000,16430,
03700,20260909,映宇宙,0.850,0.870,0.845,0.850,0.850,+0.000,+0.00,960000,822175,
03708,20260909,世界数字经济产业,0.181,0.195,0.181,0.185,0.182,+0.003,+1.65,175000,32755,
03709,20260909,赢家时尚,4.715,4.750,4.600,4.685,4.720,-0.035,-0.74,360000,1684061,
03718,20260909,北控城市资源,0.390,0.390,0.380,0.385,0.385,+0.000,+0.00,652000,252980,
03728,20260909,正利控股,,,,0.062,0.062,+0.000,+0.00,,,
03737,20260909,中智药业,0.690,0.720,0.690,0.710,0.715,-0.005,-0.70,333000,236625,
03738,20260909,阜博集团,3.375,3.400,3.300,3.360,3.340,+0.020,+0.60,18794000,63066930,
03750,20260909,宁德时代,562.000,564.000,552.000,562.000,562.000,+0.000,+0.00,2715447,1513308600,
03752,20260909,珞石机器人,50.900,52.700,49.000,52.500,50.900,+1.600,+3.14,58000,2980273,
03759,20260909,康龙化成,29.300,29.300,28.500,28.740,29.060,-0.320,-1.10,2811755,81022975,
03768,20260909,滇池水务,,,,0.420,0.390,+0.030,+7.69,,,
03773,20260909,银盛数惠,2.500,2.500,2.460,2.475,2.450,+0.025,+1.02,182000,449580,
03774,20260909,亮晴控股,19.000,20.120,17.250,17.350,19.300,-1.950,-10.10,621000,11592840,
03778,20260909,中国织材控股,,,,2.850,2.850,+0.000,+0.00,,,
03788,20260909,罕王黄金,3.225,3.340,3.200,3.335,3.230,+0.105,+3.25,1532000,5047350,
03789,20260909,御佳控股,0.240,0.240,0.237,0.240,0.248,-0.008,-3.23,12000,2868,
03798,20260909,家乡互动,1.175,1.210,1.170,1.210,1.210,+0.000,+0.00,16000,18820,
03800,20260909,协鑫科技,0.715,0.745,0.710,0.745,0.715,+0.030,+4.20,218178260,158515590,
03808,20260909,中国重汽,42.600,45.140,42.600,44.640,42.900,+1.740,+4.06,7583018,335890190,
03813,20260909,宝胜国际,0.395,0.395,0.385,0.385,0.400,-0.015,-3.75,1649000,642220,
03816,20260909,KFM金德,3.385,4.350,3.385,4.160,3.385,+0.775,+22.90,8964000,35653240,
03818,20260909,中国动向,0.265,0.270,0.265,0.270,0.270,+0.000,+0.00,427000,115040,
03822,20260909,三和建筑集团,1.065,1.100,1.050,1.100,1.070,+0.030,+2.80,54000,57100,
03828,20260909,明辉国际,0.720,0.750,0.720,0.720,0.715,+0.005,+0.70,289000,210375,
03830,20260909,童园国际,0.205,0.219,0.197,0.205,0.200,+0.005,+2.50,1350000,279100,
03833,20260909,新疆新鑫矿业,2.055,2.120,2.010,2.110,2.050,+0.060,+2.93,1606000,3349090,
03836,20260909,和谐汽车,0.530,0.530,0.495,0.520,0.530,-0.010,-1.89,1087500,550630,
03838,20260909,中国淀粉,0.173,0.175,0.172,0.175,0.173,+0.002,+1.16,3800000,656590,
03839,20260909,正大生物,8.600,8.600,8.500,8.510,8.590,-0.080,-0.93,40500,347755,
03848,20260909,浩森金融科技,2.120,2.120,2.070,2.070,2.060,+0.010,+0.49,382000,809790,
03858,20260909,佳鑫国际资源,55.150,59.000,54.950,58.650,54.900,+3.750,+6.83,2963406,171728770,
03860,20260909,EPS创健科技,0.570,0.570,0.565,0.565,0.600,-0.035,-5.83,15000,8500,
03866,20260909,青岛银行,5.175,5.175,5.045,5.160,5.155,+0.005,+0.10,2590000,13291268,
03868,20260909,信义能源,0.780,0.790,0.780,0.790,0.785,+0.005,+0.64,3086322,2430870,
03869,20260909,弘和仁爱医疗,,,,3.400,3.400,+0.000,+0.00,,,
03877,20260909,中国船舶租赁,2.365,2.405,2.330,2.380,2.365,+0.015,+0.63,13876000,33034540,
03878,20260909,VICON HOLDINGS,0.186,0.186,0.181,0.186,0.186,+0.000,+0.00,252000,46860,
03880,20260909,泰德医药,20.000,20.020,19.800,19.950,20.000,-0.050,-0.25,95600,1907704,
03881,20260909,希迪智驾,20.460,21.160,20.160,20.720,20.360,+0.360,+1.77,1038302,21503912,
03882,20260909,天彩控股,0.365,0.470,0.330,0.400,0.400,+0.000,+0.00,570000,212590,
03883,20260909,中国奥园,0.039,0.040,0.037,0.037,0.039,-0.002,-5.13,3853000,145605,
03886,20260909,康健国际医疗,0.173,0.181,0.165,0.181,0.174,+0.007,+4.02,38000,6582,
03887,20260909,HASHKEY HLDGS,2.830,2.850,2.730,2.730,2.940,-0.210,-7.14,1101600,3086842,
03888,20260909,金山软件,24.600,24.720,23.780,24.040,24.740,-0.700,-2.83,14053605,337101070,
03889,20260909,大成玉米集团,0.071,0.071,0.060,0.065,0.071,-0.006,-8.45,5322000,343988,
03893,20260909,易纬集团,1.510,1.510,1.400,1.420,1.440,-0.020,-1.39,2136000,3089640,
03896,20260909,金山云,5.440,5.450,5.295,5.325,5.420,-0.095,-1.75,44920208,239891890,
03898,20260909,时代电气,30.560,30.820,30.160,30.680,30.540,+0.140,+0.46,2783800,85077141,
03899,20260909,中集安瑞科,7.830,8.050,7.800,8.025,7.845,+0.180,+2.29,5934998,47107089,
03900,20260909,绿城中国,6.010,6.015,5.775,5.830,6.010,-0.180,-3.00,12296000,71889699,
03903,20260909,瀚华控股,,,,0.168,0.168,+0.000,+0.00,,,
03908,20260909,中金公司,19.930,20.460,19.620,20.440,19.860,+0.580,+2.92,23788225,481041680,
03913,20260909,合景悠活,0.144,0.144,0.136,0.143,0.144,-0.001,-0.69,415500,56707,
03918,20260909,金界控股,3.240,3.240,3.185,3.195,3.200,-0.005,-0.16,4302112,13778478,
03919,20260909,金力集团,0.690,0.935,0.690,0.900,0.680,+0.220,+32.35,2720300,2226898,
03928,20260909,中国新零售供应链,27.700,27.980,26.560,27.220,27.680,-0.460,-1.66,250000,6832830,
03931,20260909,中创新航,17.250,17.450,16.880,17.320,17.180,+0.140,+0.81,3674700,62976884,
03933,20260909,联邦制药,8.475,8.485,8.330,8.465,8.460,+0.005,+0.06,3878000,32665370,
03938,20260909,LFG投资控股,3.095,3.095,3.055,3.055,3.095,-0.040,-1.29,26000,79820,
03939,20260909,万国黄金集团,15.250,15.520,14.890,15.450,15.220,+0.230,+1.51,19033376,289146130,
03952,20260909,来福谐波,58.000,59.800,56.100,56.100,58.000,-1.900,-3.28,52100,3008995,
03958,20260909,东方证券,5.800,5.865,5.755,5.840,5.800,+0.040,+0.69,5806400,33779828,
03963,20260909,融众金融,,,,0.122,0.122,+0.000,+0.00,,,
03968,20260909,招商银行,51.550,51.850,51.100,51.850,51.900,-0.050,-0.10,13911886,718869590,
03969,20260909,中国通号,3.150,3.185,3.130,3.135,3.150,-0.015,-0.48,1020189,3211064,
03978,20260909,卓越教育集团,2.630,2.650,2.620,2.620,2.645,-0.025,-0.95,324000,851500,
03983,20260909,中海石油化学,2.000,2.055,1.995,2.045,2.000,+0.045,+2.25,4016000,8179720,
03986,20260909,兆易创新,489.400,500.000,475.600,480.400,485.600,-5.200,-1.07,1534556,747562980,
03988,20260909,中国银行,5.870,5.975,5.835,5.915,5.875,+0.040,+0.68,125144800,739831960,
03989,20260909,首创环境,0.080,0.083,0.080,0.082,0.081,+0.001,+1.23,3598000,291736,
03990,20260909,美的置业,2.440,2.460,2.365,2.405,2.440,-0.035,-1.43,526800,1275149,
03991,20260909,长虹佳华,0.580,0.660,0.580,0.605,0.580,+0.025,+4.31,12728000,7070553,
03993,20260909,洛阳钼业,17.780,17.940,17.500,17.800,17.610,+0.190,+1.08,30290444,537392650,
03996,20260909,中国能源建设,1.040,1.060,1.035,1.055,1.040,+0.015,+1.44,14868000,15601380,
03997,20260909,电讯首科,1.150,1.200,1.075,1.150,1.180,-0.030,-2.54,720000,812210,
03998,20260909,波司登,4.480,4.505,4.275,4.310,4.480,-0.170,-3.79,38060000,165363460,
03999,20260909,大成食品,0.635,0.635,0.570,0.570,0.635,-0.065,-10.24,22000,13840,
04332,20260909,AMGEN-T,,,,,,,,,,
04333,20260909,思科－Ｔ,,,,,,,,,,
04335,20260909,英特尔－Ｔ,,,,,,,,,,
04336,20260909,应用材料－Ｔ,,,,,,,,,,
04337,20260909,星巴克－Ｔ,,,,,,,,,,
04338,20260909,微软－Ｔ,,,,,,,,,,
04621,20260909,CINDA 21USDPREF,,,,,,,,,,
06030,20260909,中信证券,25.960,25.960,25.400,25.820,25.700,+0.120,+0.47,11796914,303526320,
06031,20260909,三一重工,19.800,20.260,19.780,20.260,19.850,+0.410,+2.07,2558600,51444550,
06033,20260909,电讯数码控股,,,,0.490,0.490,+0.000,+0.00,,,
06036,20260909,光丽科技,1.145,1.180,1.130,1.175,1.180,-0.005,-0.42,455000,525950,
06038,20260909,信越控股,0.375,0.375,0.375,0.375,0.375,+0.000,+0.00,140000,52300,
06049,20260909,保利物业,28.400,28.400,27.920,28.000,28.280,-0.280,-0.99,261000,7317692,
06051,20260909,有赞,1.235,1.250,1.165,1.165,1.245,-0.080,-6.43,3501000,4156508,
06055,20260909,中烟香港,23.500,23.880,23.180,23.560,23.530,+0.030,+0.13,1748000,40949740,
06058,20260909,兴证国际,0.595,0.620,0.570,0.590,0.570,+0.020,+3.51,274000,163580,
06060,20260909,众安在线,11.130,11.130,10.600,10.700,11.140,-0.440,-3.95,12741609,136996840,
06063,20260909,智中国际,1.270,1.380,1.000,1.355,1.270,+0.085,+6.69,29456000,36081360,
06066,20260909,中信建投证券,11.800,11.990,11.650,11.860,11.770,+0.090,+0.76,3019000,35803093,
06067,20260909,星源材质,7.210,7.625,7.170,7.470,7.200,+0.270,+3.75,2955000,22090564,
06068,20260909,光正教育,0.060,0.060,0.055,0.059,0.059,+0.000,+0.00,30000,1718,
06069,20260909,盛业,6.255,6.390,6.150,6.210,6.280,-0.070,-1.11,2853500,17729165,
06078,20260909,海吉亚医疗,10.500,10.500,10.250,10.280,10.440,-0.160,-1.53,1681691,17334955,
06080,20260909,荣智控股,0.117,0.120,0.116,0.120,0.119,+0.001,+0.84,54000,6348,
06082,20260909,壁仞科技,38.760,39.500,37.660,38.220,38.200,+0.020,+0.05,8541800,328965030,
06083,20260909,环宇物流(亚洲),0.825,0.860,0.810,0.850,0.845,+0.005,+0.59,472000,389940,
06086,20260909,方舟健客,0.750,0.760,0.710,0.730,0.750,-0.020,-2.67,275500,204458,
06088,20260909,鸿腾精密,5.350,5.670,5.350,5.655,5.270,+0.385,+7.31,38533000,214695160,
06090,20260909,不同集团,44.000,44.340,42.440,42.480,43.960,-1.480,-3.37,276000,11951728,
06093,20260909,和泓服务,0.720,0.720,0.720,0.720,0.670,+0.050,+7.46,30000,21600,
06098,20260909,碧桂园服务,5.600,5.600,5.465,5.535,5.575,-0.040,-0.72,2592375,14317691,
06099,20260909,招商证券,15.000,15.210,14.920,15.030,14.950,+0.080,+0.54,2383000,35824179,
06100,20260909,同道猎聘,2.440,2.535,2.420,2.420,2.450,-0.030,-1.22,55400,134584,
06106,20260909,仙工智能,69.000,80.350,69.000,70.750,68.500,+2.250,+3.28,936550,70067085,
06108,20260909,新锐医药,0.233,0.233,0.218,0.218,0.244,-0.026,-10.66,128000,28080,
06110,20260909,滔搏,1.110,1.110,1.085,1.095,1.105,-0.010,-0.90,15058000,16473125,
06113,20260909,比特策略,1.310,1.345,1.310,1.345,1.375,-0.030,-2.18,6000,8010,
06117,20260909,日照港裕廊,,,,0.570,0.570,+0.000,+0.00,,,
06118,20260909,奥星生命科技,0.690,0.700,0.690,0.700,0.725,-0.025,-3.45,9000,6305,
06119,20260909,天源集团,,,,0.440,0.440,+0.000,+0.00,,,
06123,20260909,圆通国际快递,1.150,1.150,1.150,1.150,1.150,+0.000,+0.00,14000,16100,
06127,20260909,昭衍新药,22.760,22.800,22.080,22.640,22.480,+0.160,+0.71,3016800,67917426,
06128,20260909,烯石电车新材料,0.055,0.055,0.053,0.053,0.055,-0.002,-3.64,2000800,107699,
06132,20260909,华健未来-B,43.000,44.500,42.420,42.680,43.100,-0.420,-0.97,40700,1758156,
06133,20260909,维太创科,,,,0.270,0.270,+0.000,+0.00,,,
06136,20260909,康达环保,0.760,0.795,0.750,0.765,0.785,-0.020,-2.55,442000,341465,
06138,20260909,哈尔滨银行,0.320,0.325,0.320,0.320,0.320,+0.000,+0.00,778000,248980,
06158,20260909,正荣地产,0.029,0.029,0.026,0.027,0.029,-0.002,-6.90,10481000,285870,
06160,20260909,百济神州,211.600,211.600,206.000,208.600,212.800,-4.200,-1.97,3517423,730319630,
06162,20260909,天瑞汽车内饰,0.080,0.080,0.072,0.073,0.074,-0.001,-1.35,8432000,635616,
06163,20260909,彭顺国际,,,,0.695,0.695,+0.000,+0.00,,,
06166,20260909,剑桥科技,129.500,129.500,114.700,118.700,120.900,-2.200,-1.82,11937670,1448210600,
06168,20260909,周六福,13.430,13.500,13.210,13.290,13.430,-0.140,-1.04,175600,2340214,
06169,20260909,宇华教育,0.355,0.360,0.355,0.360,0.360,+0.000,+0.00,1244000,442970,
06178,20260909,光大证券,7.470,7.470,7.355,7.450,7.410,+0.040,+0.54,1183800,8762468,
06181,20260909,老铺黄金,395.000,402.800,382.400,401.000,393.600,+7.400,+1.88,1196617,471201750,
06182,20260909,乙德投资控股,0.625,0.690,0.605,0.660,0.600,+0.060,+10.00,3200000,2118040,
06185,20260909,康希诺生物,29.100,29.100,28.160,28.660,29.480,-0.820,-2.78,3675227,105062391,
06186,20260909,中国飞鹤,2.735,2.755,2.575,2.575,2.725,-0.150,-5.50,73130457,191148980,
06188,20260909,迪信通,0.385,0.385,0.385,0.385,0.390,-0.005,-1.28,4000,1540,
06189,20260909,爱得威建设集团,,,,0.072,0.072,+0.000,+0.00,,,
06190,20260909,九江银行,,,,2.750,2.750,+0.000,+0.00,,,
06193,20260909,泰林科建,,,,0.380,0.380,+0.000,+0.00,,,
06196,20260909,郑州银行,0.915,0.920,0.910,0.915,0.910,+0.005,+0.55,3366000,3073260,
06198,20260909,青岛港,7.535,7.760,7.475,7.745,7.530,+0.215,+2.86,8595000,66103675,
06199,20260909,贵州银行,0.920,0.920,0.920,0.920,0.920,+0.000,+0.00,35000,32200,
06228,20260909,自由黄金-DRS,38.500,39.060,37.320,38.720,38.500,+0.220,+0.57,374900,14369616,
06288,20260909,迅销,35.100,35.100,34.120,34.200,36.200,-2.000,-5.52,18300,632190,
06600,20260909,卧安机器人,45.480,47.720,45.460,46.760,45.480,+1.280,+2.81,391903,18363904,
06601,20260909,朝云集团,2.180,2.190,2.150,2.185,2.180,+0.005,+0.23,555500,1207985,
06603,20260909,IFBH,4.485,4.485,3.900,3.900,4.345,-0.445,-10.24,809400,3254277,
06608,20260909,百融智能-W,5.085,5.185,4.875,4.890,5.085,-0.195,-3.83,909000,4508075,
06609,20260909,心玮医疗-B,49.780,51.000,48.460,50.550,48.360,+2.190,+4.53,38200,1906648,
06610,20260909,飞天云动,0.935,0.950,0.925,0.950,0.955,-0.005,-0.52,212000,198980,
06611,20260909,三巽集团,,,,0.046,0.046,+0.000,+0.00,,,
06613,20260909,蓝思科技,23.380,23.700,23.040,23.480,23.200,+0.280,+1.21,6318816,147560940,
06616,20260909,环球新材国际,10.450,11.180,9.960,10.150,10.450,-0.300,-2.87,6984000,74055870,
06618,20260909,京东健康,35.960,36.140,34.440,35.260,36.600,-1.340,-3.66,20231176,706585650,
06622,20260909,兆科眼科-B,2.510,2.530,2.485,2.485,2.520,-0.035,-1.39,153500,384888,
06623,20260909,陆控,,,,10.900,10.900,+0.000,+0.00,,,
06626,20260909,越秀服务,1.840,1.840,1.815,1.825,1.840,-0.015,-0.82,107500,195603,
06628,20260909,创胜集团医药-B,0.980,1.005,0.975,0.980,0.980,+0.000,+0.00,696500,686535,
06633,20260909,青瓷游戏,,,,3.150,3.150,+0.000,+0.00,,,
06636,20260909,极视角,75.100,78.800,71.100,73.000,76.100,-3.100,-4.07,285450,21660378,
06639,20260909,瑞尔集团,,,,1.830,1.830,+0.000,+0.00,,,
06651,20260909,五一视界,62.900,63.250,60.200,61.550,62.200,-0.650,-1.05,962200,59306800,
06655,20260909,华新建材,17.030,17.140,16.760,17.040,17.020,+0.020,+0.12,2296200,38877841,
06656,20260909,思格新能,320.000,339.600,320.000,331.200,313.200,+18.000,+5.75,427144,142211250,
06657,20260909,百望股份,13.000,13.840,12.150,13.480,13.000,+0.480,+3.69,113600,1479418,
06658,20260909,溜溜梅,147.300,152.900,122.300,140.700,147.300,-6.600,-4.48,1197100,155837860,
06660,20260909,艾美疫苗,1.745,1.835,1.745,1.745,1.745,+0.000,+0.00,145200,254572,
06661,20260909,湖州燃气,,,,4.945,4.945,+0.000,+0.00,,,
06663,20260909,国际永胜集团,0.270,0.270,0.260,0.260,0.260,+0.000,+0.00,240000,63100,
06666,20260909,恒大物业,1.155,1.220,1.120,1.215,1.160,+0.055,+4.74,37553000,44400105,
06667,20260909,美因基因,7.070,7.290,7.050,7.175,7.055,+0.120,+1.70,138800,1002481,
06668,20260909,星盛商业,1.380,1.390,1.380,1.380,1.380,+0.000,+0.00,289000,399050,
06669,20260909,先瑞达医疗-B,6.020,6.300,5.670,5.775,6.010,-0.235,-3.91,498000,2951930,
06675,20260909,琻捷电子科技,29.800,31.960,26.800,28.060,29.300,-1.240,-4.23,596400,17090608,
06676,20260909,找钢网-W,0.730,0.730,0.705,0.705,0.705,+0.000,+0.00,140500,100680,
06677,20260909,远洋服务,0.295,0.315,0.295,0.315,0.305,+0.010,+3.28,64500,20168,
06680,20260909,金力永磁,16.560,16.850,16.400,16.770,16.460,+0.310,+1.88,1872850,31311228,
06681,20260909,脑动极光-B,1.425,1.425,1.270,1.270,1.415,-0.145,-10.25,19246000,25302325,
06682,20260909,范式智能,30.100,30.100,28.060,28.440,29.560,-1.120,-3.79,6877600,196927660,
06683,20260909,巨星传奇,3.830,3.860,3.740,3.760,3.830,-0.070,-1.83,3088000,11646313,
06686,20260909,诺亚控股,13.600,13.700,13.600,13.700,13.600,+0.100,+0.74,22000,300660,
06687,20260909,聚水潭,13.170,13.170,12.730,12.760,13.170,-0.410,-3.11,416800,5354378,
06688,20260909,蚂蚁集团,,,,,,,,,,
06690,20260909,海尔智家,21.400,21.400,20.900,21.060,21.220,-0.160,-0.75,7576092,159711220,
06693,20260909,赤峰黄金,40.220,40.700,38.960,39.720,40.620,-0.900,-2.22,6174181,244944020,
06696,20260909,多想云,,,,2.940,2.940,+0.000,+0.00,,,
06698,20260909,星空华文,0.820,0.850,0.810,0.830,0.830,+0.000,+0.00,77000,63577,
06699,20260909,时代天使,94.800,97.200,93.700,96.150,94.800,+1.350,+1.42,593311,57103572,
06715,20260909,鲟龙科技,72.850,76.000,72.250,76.000,72.500,+3.500,+4.83,362800,27082138,
06745,20260909,滨化股份,3.215,3.215,3.120,3.130,3.180,-0.050,-1.57,2488000,7837720,
06805,20260909,金茂源环保,2.820,3.035,2.820,3.035,3.000,+0.035,+1.17,150000,447090,
06806,20260909,申万宏源,2.530,2.555,2.510,2.550,2.520,+0.030,+1.19,5855200,14839642,
06808,20260909,高鑫零售,1.045,1.070,1.025,1.070,1.050,+0.020,+1.90,4789710,5034208,
06809,20260909,澜起科技,283.000,287.400,270.000,271.400,276.000,-4.600,-1.67,2316437,641849610,
06810,20260909,商米科技-W,51.000,54.900,49.000,54.400,51.000,+3.400,+6.67,1173400,60898599,
06811,20260909,太兴集团,1.500,1.515,1.475,1.515,1.510,+0.005,+0.33,1793000,2676230,
06812,20260909,永顺控股香港,,,,0.250,0.250,+0.000,+0.00,,,
06816,20260909,瑞港建设,,,,0.203,0.202,+0.001,+0.50,,,
06818,20260909,中国光大银行,2.845,2.845,2.785,2.810,2.845,-0.035,-1.23,27312000,76527010,
06820,20260909,友谊时光,0.355,0.360,0.350,0.360,0.355,+0.005,+1.41,58000,20660,
06821,20260909,凯莱英,136.300,145.800,136.300,140.400,140.300,+0.100,+0.07,751585,106238800,
06822,20260909,科劲国际,,,,0.385,0.390,-0.005,-1.28,,,
06823,20260909,香港电讯-SS,12.400,12.430,12.330,12.390,12.400,-0.010,-0.08,5936315,73478820,
06826,20260909,昊海生物科技,16.830,16.840,16.530,16.770,16.810,-0.040,-0.24,31500,524550,
06828,20260909,北京燃气蓝天,0.036,0.037,0.035,0.037,0.037,+0.000,+0.00,912000,32832,
06829,20260909,龙升集团控股,2.535,2.600,2.300,2.555,2.530,+0.025,+0.99,616000,1498135,
06830,20260909,华众车载,0.194,0.196,0.194,0.196,0.200,-0.004,-2.00,20000,3900,
06831,20260909,绿茶集团,5.210,5.210,5.000,5.135,5.230,-0.095,-1.82,2548000,12976974,
06833,20260909,兴科蓉医药,0.152,0.152,0.140,0.145,0.162,-0.017,-10.49,1060000,152384,
06838,20260909,盈利时,0.242,0.242,0.226,0.230,0.250,-0.020,-8.00,242000,55912,
06839,20260909,云南水务,,,,0.085,0.085,+0.000,+0.00,,,
06855,20260909,亚盛医药,34.220,34.900,33.640,34.180,34.200,-0.020,-0.06,1708493,58443726,
06858,20260909,本间高尔夫,2.830,2.950,2.800,2.870,2.790,+0.080,+2.87,15000,42130,
06860,20260909,指尖悦动,0.112,0.115,0.112,0.115,0.114,+0.001,+0.88,6000,675,
06862,20260909,海底捞,10.880,10.880,10.000,10.340,11.380,-1.040,-9.14,358845670,3781202100,
06865,20260909,福莱特玻璃,6.505,6.530,6.385,6.435,6.550,-0.115,-1.76,1470000,9451215,
06866,20260909,佐力科创,,,,0.285,0.285,+0.000,+0.00,,,
06868,20260909,天福,2.630,2.640,2.590,2.610,2.615,-0.005,-0.19,4000,10495,
06869,20260909,长飞光纤光缆,180.500,196.300,180.000,183.600,171.200,+12.400,+7.24,35514447,6694450000,
06871,20260909,翼菲科技,25.600,26.600,24.560,26.060,25.600,+0.460,+1.80,415600,10667644,
06872,20260909,丹诺医药-B,167.000,167.800,148.100,149.800,167.000,-17.200,-10.30,125800,19628750,
06877,20260909,TE HEALTHCARE,,,,0.099,0.099,+0.000,+0.00,,,
06878,20260909,鼎丰集团汽车,,,,0.037,0.037,+0.000,+0.00,,,
06880,20260909,MOMENTA-W,183.900,193.500,183.700,192.000,183.700,+8.300,+4.52,97521,18460886,
06881,20260909,中国银河,7.700,7.755,7.610,7.735,7.650,+0.085,+1.11,11466500,88205359,
06882,20260909,东瀛游,,,,0.485,0.485,+0.000,+0.00,6000,2910,
06883,20260909,颖通控股,,,,2.030,2.030,+0.000,+0.00,,,
06885,20260909,金马能源,0.630,0.630,0.580,0.605,0.620,-0.015,-2.42,56000,33850,
06886,20260909,华泰证券,17.480,17.710,17.370,17.680,17.480,+0.200,+1.14,8734200,153650980,
06887,20260909,东阳光药,37.000,37.280,36.420,37.000,36.740,+0.260,+0.71,191000,7021228,
06888,20260909,英达公路再生科技,,,,0.085,0.087,-0.002,-2.30,,,
06889,20260909,DYNAM JAPAN,3.100,3.100,3.015,3.020,3.035,-0.015,-0.49,43800,133824,
06890,20260909,康利国际控股,0.725,0.790,0.725,0.790,0.700,+0.090,+12.86,12000,8830,
06893,20260909,衍生集团,0.250,0.250,0.245,0.247,0.240,+0.007,+2.92,212000,52660,
06896,20260909,金嗓子,2.210,2.250,2.110,2.140,2.200,-0.060,-2.73,1079000,2326420,
06898,20260909,中国铝罐,,,,0.635,0.635,+0.000,+0.00,,,
06899,20260909,联众,,,,0.230,0.230,+0.000,+0.00,,,
06908,20260909,宏光半导体,0.300,0.300,0.280,0.290,0.300,-0.010,-3.33,1740000,503675,
06909,20260909,百得利控股,,,,0.218,0.218,+0.000,+0.00,,,
06911,20260909,澜沧古茶,2.500,2.500,2.500,2.500,2.500,+0.000,+0.00,2600,6500,
06913,20260909,华南职业教育,0.107,0.113,0.100,0.111,0.104,+0.007,+6.73,670000,72150,
06915,20260909,江西生物,16.240,17.120,16.240,16.500,16.240,+0.260,+1.60,612000,10230475,
06918,20260909,九泰数智,0.140,0.150,0.135,0.138,0.148,-0.010,-6.76,1314000,184794,
06919,20260909,人瑞人才,3.570,3.600,3.500,3.510,3.575,-0.065,-1.82,84300,298889,
06922,20260909,康沣生物-B,2.660,2.850,2.660,2.790,2.660,+0.130,+4.89,78600,215713,
06928,20260909,万马控股,,,,0.178,0.178,+0.000,+0.00,,,
06929,20260909,业聚医疗,3.850,3.850,3.820,3.830,3.850,-0.020,-0.52,100500,386410,
06933,20260909,新娱科控股,1.200,1.215,1.160,1.160,1.195,-0.035,-2.93,462000,546820,
06936,20260909,顺丰控股,30.800,31.000,30.620,30.780,30.980,-0.200,-0.65,1729400,53179028,
06938,20260909,瑞博生物-B,58.100,59.550,57.500,57.700,58.100,-0.400,-0.69,346000,20088110,
06939,20260909,美佳音控股,1.130,1.200,1.130,1.200,1.155,+0.045,+3.90,162000,186620,
06951,20260909,三环集团,122.200,126.200,116.000,116.400,117.600,-1.200,-1.02,1360200,164817130,
06955,20260909,博安生物,3.110,3.110,2.780,2.815,3.095,-0.280,-9.05,4972200,14561303,
06958,20260909,正荣服务,0.089,0.089,0.089,0.095,0.096,-0.001,-1.04,1000,89,
06959,20260909,长久股份,3.150,3.150,3.145,3.145,3.145,+0.000,+0.00,7300,22962,
06960,20260909,双登股份,6.590,6.590,6.300,6.300,6.400,-0.100,-1.56,119000,757488,
06963,20260909,阳光保险,3.935,3.935,3.765,3.800,3.865,-0.065,-1.68,10139750,38625542,
06966,20260909,中国万桐园,,,,0.595,0.595,+0.000,+0.00,,,
06968,20260909,港龙中国地产,,,,0.099,0.099,+0.000,+0.00,8000,750,
06969,20260909,思摩尔国际,9.760,9.760,9.500,9.650,9.760,-0.110,-1.13,8204685,78695480,
06978,20260909,永泰生物-B,,,,0.390,0.395,-0.005,-1.27,1000,370,
06979,20260909,珍酒李渡,7.755,7.845,7.620,7.765,7.800,-0.035,-0.45,2952400,22973174,
06980,20260909,八马茶业,34.500,35.680,33.560,34.900,33.860,+1.040,+3.07,128000,4460588,
06988,20260909,乐享集团,0.085,0.085,0.065,0.070,0.082,-0.012,-14.63,18416000,1299245,
06989,20260909,卓越商企服务,0.530,0.565,0.530,0.565,0.570,-0.005,-0.88,123000,67680,
06990,20260909,科伦博泰生物,488.000,494.000,478.400,481.000,488.000,-7.000,-1.43,485320,235061250,
06993,20260909,蓝月亮集团,3.725,3.975,3.725,3.880,3.825,+0.055,+1.44,3405260,13213135,
06996,20260909,德琪医药-B,3.555,3.555,3.420,3.450,3.500,-0.050,-1.43,510000,1763503,
06998,20260909,亿腾嘉和,1.685,1.770,1.660,1.770,1.695,+0.075,+4.42,683000,1167155,
06999,20260909,领地控股,,,,0.117,0.117,+0.000,+0.00,,,
07489,20260909,岚图汽车,2.485,2.485,2.400,2.400,2.485,-0.085,-3.42,2284139,5558598,
07618,20260909,京东工业,13.150,13.270,12.960,13.200,13.100,+0.100,+0.76,1839257,24141836,
07630,20260909,英派药业-B,13.570,14.540,12.250,12.540,13.580,-1.040,-7.66,1824400,23751186,
07656,20260909,瑞为技术,16.390,16.680,15.550,16.190,16.200,-0.010,-0.06,269000,4294768,
07666,20260909,剂泰科技-P,17.670,20.540,17.330,18.370,17.570,+0.800,+4.55,21868722,408417800,
07687,20260909,易控智驾,65.050,68.450,64.800,68.450,68.650,-0.200,-0.29,56700,3787045,
07688,20260909,拓璞数控,18.510,20.800,18.250,20.560,18.550,+2.010,+10.84,2802500,55475778,
09600,20260909,新纽科技,0.140,0.143,0.140,0.143,0.140,+0.003,+2.14,49600,7090,
09606,20260909,映恩生物-B,186.600,189.000,179.000,183.900,186.600,-2.700,-1.45,985800,181687300,
09608,20260909,宋都服务,0.049,0.049,0.049,0.049,0.051,-0.002,-3.92,20000,980,
09609,20260909,海伟股份,,,,7.610,7.610,+0.000,+0.00,,,
09611,20260909,龙旗科技,22.100,22.340,21.600,21.780,21.920,-0.140,-0.64,88200,1925506,
09615,20260909,梅卡曼德机器人,82.300,85.700,82.000,82.250,80.350,+1.900,+2.36,472380,39820229,
09616,20260909,东软睿新集团,1.845,1.845,1.780,1.815,1.810,+0.005,+0.28,97600,175136,
09618,20260909,京东集团-SW,108.500,108.500,105.700,106.300,108.600,-2.300,-2.12,7883560,837605860,
09626,20260909,哔哩哔哩-W,127.400,127.900,123.600,125.000,124.000,+1.000,+0.81,5526480,692248260,
09630,20260909,芯碁微装,351.000,373.000,347.200,355.200,341.400,+13.800,+4.04,428180,154663300,
09633,20260909,农夫山泉,41.000,41.280,40.420,40.580,41.100,-0.520,-1.27,6849672,278821840,
09636,20260909,九方智投控股,29.000,29.880,28.700,29.800,29.140,+0.660,+2.26,763900,22383327,
09637,20260909,礼邦医药-B,28.980,28.980,24.060,25.740,27.980,-2.240,-8.01,1582700,40988146,
09638,20260909,法拉帝,,,,36.000,36.000,+0.000,+0.00,,,
09639,20260909,荣利营造,,,,0.940,0.940,+0.000,+0.00,,,
09658,20260909,特海国际,9.660,9.695,9.360,9.445,9.720,-0.275,-2.83,222200,2103675,
09660,20260909,地平线机器人-W,4.445,4.480,4.310,4.370,4.420,-0.050,-1.13,101229808,443015390,
09663,20260909,国鸿氢能,,,,2.370,2.385,-0.015,-0.63,,,
09668,20260909,渤海银行,0.855,0.885,0.855,0.870,0.855,+0.015,+1.75,1528000,1332838,
09669,20260909,北森控股,3.100,3.100,3.035,3.085,3.100,-0.015,-0.48,373600,1149331,
09676,20260909,十月稻田,4.460,4.605,4.425,4.570,4.480,+0.090,+2.01,480900,2181504,
09677,20260909,威海银行,,,,3.015,3.015,+0.000,+0.00,,,
09678,20260909,云知声,92.000,93.850,85.600,87.250,91.700,-4.450,-4.85,4430652,393923310,
09680,20260909,如祺出行,,,,7.780,7.800,-0.020,-0.26,,,
09686,20260909,熙康云医院,0.920,1.000,0.920,0.995,0.980,+0.015,+1.53,12000,11905,
09688,20260909,再鼎医药,20.240,20.380,19.870,20.000,20.000,+0.000,+0.00,4651400,93520955,
09689,20260909,金泰丰国际控股,,,,0.470,0.470,+0.000,+0.00,,,
09690,20260909,途虎-W,12.810,12.810,12.420,12.500,12.750,-0.250,-1.96,1136500,14230770,
09696,20260909,天齐锂业,34.660,35.100,34.260,34.920,34.760,+0.160,+0.46,2004976,69625183,
09698,20260909,万国数据-SW,31.280,32.060,31.080,31.180,30.440,+0.740,+2.43,3780267,118434372,
09699,20260909,顺丰同城,8.750,8.795,8.425,8.580,8.750,-0.170,-1.94,2523200,21570857,
09857,20260909,柠萌影视,,,,2.795,2.850,-0.055,-1.93,,,
09858,20260909,优然牧业,4.320,4.475,4.235,4.435,4.365,+0.070,+1.60,22107000,97538370,
09860,20260909,艾迪康控股,3.995,4.080,3.900,3.900,3.990,-0.090,-2.26,41000,163850,
09863,20260909,零跑汽车,35.380,35.480,34.800,35.400,35.380,+0.020,+0.06,5258094,185094020,
09866,20260909,蔚来-SW,29.100,29.760,29.020,29.720,28.880,+0.840,+2.91,6718021,197674210,
09868,20260909,小鹏集团-W,42.600,42.760,42.040,42.300,42.380,-0.080,-0.19,6071810,257047660,
09869,20260909,海伦司,1.350,1.375,1.260,1.350,1.370,-0.020,-1.46,365500,483423,
09876,20260909,大洋环球控股,2.560,2.850,2.560,2.850,2.555,+0.295,+11.55,96000,259300,
09877,20260909,健世科技-B,7.285,7.300,6.950,7.300,7.360,-0.060,-0.82,21600,154473,
09878,20260909,汇通达网络,8.055,8.055,7.515,7.675,7.830,-0.155,-1.98,381800,2962919,
09879,20260909,米高集团,9.200,9.200,9.030,9.030,9.275,-0.245,-2.64,581000,5295825,
09880,20260909,优必选,85.900,86.150,84.050,85.550,84.600,+0.950,+1.12,3446324,293451740,
09881,20260909,容大科技,,,,17.700,17.700,+0.000,+0.00,,,
09882,20260909,永联丰控股,0.745,0.745,0.745,0.745,0.745,+0.000,+0.00,40000,29800,
09885,20260909,药师帮,3.595,3.645,3.520,3.540,3.520,+0.020,+0.57,240600,857165,
09886,20260909,叮当健康,0.770,0.810,0.770,0.795,0.800,-0.005,-0.63,740000,589880,
09887,20260909,维立志博-B,63.350,64.750,61.900,63.200,63.300,-0.100,-0.16,1657300,105481984,
09888,20260909,百度集团-W,90.600,93.150,89.450,92.200,89.550,+2.650,+2.96,33164352,3060762800,
09889,20260909,东莞农商银行,3.200,3.200,3.200,3.200,3.200,+0.000,+0.00,1286000,4115200,
09890,20260909,贪玩,10.030,10.350,9.900,9.980,10.130,-0.150,-1.48,390800,3892823,
09893,20260909,比优集团,,,,1.565,1.560,+0.005,+0.32,,,
09896,20260909,名创优品,18.500,18.500,18.190,18.470,18.480,-0.010,-0.05,4488605,82554657,
09898,20260909,微博-SW,52.200,52.800,51.750,52.600,52.200,+0.400,+0.77,96400,5047497,
09899,20260909,网易云音乐,88.300,88.900,86.750,87.350,89.850,-2.500,-2.78,1016758,89018777,
09900,20260909,智云科技建设,5.305,5.515,5.200,5.235,5.400,-0.165,-3.06,3008000,16156160,
09901,20260909,新东方-S,44.880,44.880,43.880,44.200,45.320,-1.120,-2.47,3264620,145503630,
09903,20260909,天数智芯,339.000,357.000,326.000,332.600,339.200,-6.600,-1.95,1722103,583518740,
09906,20260909,宏力医疗管理,,,,1.560,1.560,+0.000,+0.00,,,
09908,20260909,嘉兴燃气,7.770,7.800,7.770,7.800,7.750,+0.050,+0.65,7500,58305,
09909,20260909,宝龙商业,1.850,1.870,1.850,1.860,1.905,-0.045,-2.36,97996,182632,
09911,20260909,赤子城科技,8.800,8.980,8.505,8.945,8.810,+0.135,+1.53,7476356,65741582,
09913,20260909,智勤控股,2.185,2.185,2.165,2.165,2.185,-0.020,-0.92,24000,52320,
09916,20260909,兴业物联,0.355,0.365,0.355,0.370,0.365,+0.005,+1.37,166000,59600,
09918,20260909,丽年国际,,,,0.975,0.975,+0.000,+0.00,,,
09919,20260909,艾德韦宣集团,0.765,0.775,0.765,0.775,0.780,-0.005,-0.64,47315,36357,
09922,20260909,九毛九,1.110,1.110,1.070,1.075,1.115,-0.040,-3.59,1531000,1653410,
09923,20260909,移卡,4.285,4.300,4.150,4.280,4.285,-0.005,-0.12,265200,1110312,
09926,20260909,康方生物,96.300,97.800,94.400,95.050,96.200,-1.150,-1.20,7174741,685539310,
09927,20260909,赛力斯,37.840,37.840,36.360,36.460,37.500,-1.040,-2.77,1416750,52062235,
09928,20260909,时代邻里,0.495,0.505,0.490,0.495,0.490,+0.005,+1.02,136000,67390,
09929,20260909,澳达控股,1.530,1.625,1.530,1.600,1.530,+0.070,+4.58,3760000,5967450,
09930,20260909,宏信建发,0.700,0.745,0.700,0.740,0.740,+0.000,+0.00,543006,385789,
09933,20260909,GHW INTL,1.620,1.620,1.620,1.620,1.640,-0.020,-1.22,4000,6480,
09936,20260909,稀美资源,15.400,15.400,14.050,15.220,13.960,+1.260,+9.03,1214000,18410325,
09938,20260909,华和控股,0.255,0.260,0.250,0.260,0.265,-0.005,-1.89,720000,180675,
09939,20260909,开拓药业-B,1.935,1.935,1.830,1.870,1.880,-0.010,-0.53,467500,877353,
09955,20260909,智云健康,0.500,0.535,0.500,0.510,0.500,+0.010,+2.00,22000,11301,
09958,20260909,力天影业,0.125,0.140,0.125,0.127,0.125,+0.002,+1.60,3784000,485058,
09959,20260909,联易融科技-W,2.205,2.235,2.155,2.230,2.175,+0.055,+2.53,4918500,10840476,
09960,20260909,康圣环球,0.960,0.960,0.925,0.945,0.920,+0.025,+2.72,125500,117808,
09961,20260909,携程集团-S,320.000,322.600,315.000,316.600,324.200,-7.600,-2.34,2835564,898104280,
09963,20260909,高科桥光导,10.500,10.900,10.220,10.460,10.290,+0.170,+1.65,104000,1092140,
09966,20260909,康宁杰瑞制药-B,8.320,8.490,8.255,8.450,8.310,+0.140,+1.68,976000,8174405,
09968,20260909,汇景控股,0.054,0.057,0.054,0.055,0.057,-0.002,-3.51,4200000,229282,
09969,20260909,诺诚健华,14.760,14.760,14.240,14.480,14.760,-0.280,-1.90,6009000,86645860,
09971,20260909,基本半导体,43.580,44.420,42.400,42.600,43.580,-0.980,-2.25,127200,5499528,
09973,20260909,奇瑞汽车,25.000,25.260,24.700,25.240,25.000,+0.240,+0.96,1836300,45931715,
09976,20260909,江波龙,233.400,235.800,207.400,210.000,233.600,-23.600,-10.10,1691760,372360460,
09978,20260909,方圆生活服务,2.035,2.155,1.830,2.155,2.035,+0.120,+5.90,2384700,4811528,
09979,20260909,绿城管理控股,1.910,1.930,1.885,1.930,1.910,+0.020,+1.05,402000,764400,
09980,20260909,东鹏饮料,102.000,103.900,99.600,102.200,101.700,+0.500,+0.49,1177290,119226454,
09981,20260909,沃尔核材,9.755,10.330,9.755,10.200,9.915,+0.285,+2.87,2600600,26422662,
09982,20260909,中原建业,0.096,0.097,0.090,0.091,0.096,-0.005,-5.21,2910000,268084,
09983,20260909,建业新生活,0.300,0.310,0.290,0.300,0.290,+0.010,+3.45,164000,50180,
09985,20260909,卫龙美味,7.520,7.550,7.325,7.375,7.570,-0.195,-2.58,2542200,18746606,
09986,20260909,大山教育,,,,1.880,1.880,+0.000,+0.00,,,
09987,20260909,百胜中国,339.000,344.400,337.600,339.000,341.800,-2.800,-0.82,580920,196950110,
09988,20260909,阿里巴巴-W,110.500,110.900,108.600,109.800,109.500,+0.300,+0.27,46572012,5110169400,
09989,20260909,海普瑞,4.170,4.350,4.170,4.350,4.205,+0.145,+3.45,512500,2178435,
09990,20260909,祖龙娱乐,1.755,1.755,1.700,1.740,1.740,+0.000,+0.00,275000,476480,
09991,20260909,宝尊电商-W,7.455,7.795,7.320,7.325,7.500,-0.175,-2.33,12900,95846,
09992,20260909,泡泡玛特,155.600,157.700,154.900,156.100,155.700,+0.400,+0.26,3632227,567246170,
09993,20260909,金辉控股,1.115,1.120,1.075,1.080,1.110,-0.030,-2.70,27438000,29872956,
09995,20260909,荣昌生物,78.850,79.150,76.850,77.250,78.000,-0.750,-0.96,2119500,164597120,
09996,20260909,沛嘉医疗-B,5.020,5.020,4.850,4.850,5.060,-0.210,-4.15,478000,2376140,
09998,20260909,光荣控股,,,,0.425,0.425,+0.000,+0.00,,,
09999,20260909,网易,186.100,186.700,181.800,183.200,188.200,-5.000,-2.66,6379871,1170601970,
08003,20260909,世大控股,,,,0.066,0.065,+0.001,+1.54,12000,792,
08005,20260909,裕兴科技,0.060,0.060,0.060,0.060,0.061,-0.001,-1.64,170000,10200,
08006,20260909,华泰瑞银,,,,0.106,0.106,+0.000,+0.00,1011,89,
08007,20260909,环球战略集团,0.460,0.460,0.460,0.460,0.450,+0.010,+2.22,10045,4620,
08013,20260909,ECI TECH,0.058,0.058,0.058,0.058,0.056,+0.002,+3.57,20000,1160,
08017,20260909,捷利交易宝,1.180,1.180,1.155,1.170,1.180,-0.010,-0.85,364000,426880,
08018,20260909,汇财金融投资,0.039,0.040,0.039,0.041,0.040,+0.001,+2.50,1909000,74218,
08019,20260909,皓文控股,0.071,0.071,0.071,0.072,0.072,+0.000,+0.00,20000,1420,
08020,20260909,宏海控股集团,,,,0.020,0.020,+0.000,+0.00,,,
08021,20260909,汇隆控股,0.166,0.166,0.166,0.166,0.158,+0.008,+5.06,10000,1660,
08023,20260909,邝文记,0.335,0.335,0.335,0.335,0.335,+0.000,+0.00,96000,32100,
08026,20260909,朗华国际集团,0.310,0.310,0.280,0.305,0.300,+0.005,+1.67,4000,1180,
08027,20260909,吉辉控股,0.128,0.128,0.128,0.128,0.123,+0.005,+4.07,60000,7680,
08028,20260909,天时资源,,,,0.165,0.163,+0.002,+1.23,3000,459,
08029,20260909,中投金融科技集团,,,,0.700,0.700,+0.000,+0.00,,,
08030,20260909,丰银禾控股,1.505,1.505,1.420,1.420,1.510,-0.090,-5.96,42000,61615,
08031,20260909,易通讯集团,0.305,0.305,0.280,0.280,0.305,-0.025,-8.20,18000,5240,
08033,20260909,爱达利网络,,,,0.106,0.106,+0.000,+0.00,,,
08035,20260909,骏高控股,0.054,0.054,0.054,0.057,0.060,-0.003,-5.00,10000,540,
08036,20260909,电子交易集团,0.046,0.050,0.046,0.050,0.043,+0.007,+16.28,1580000,74830,
08037,20260909,中国生物科技服务,0.615,0.615,0.605,0.610,0.635,-0.025,-3.94,145000,88550,
08039,20260909,中国来骑哦,,,,0.151,0.151,+0.000,+0.00,,,
08040,20260909,快意智能,,,,0.510,0.510,+0.000,+0.00,,,
08041,20260909,中微智码,0.510,0.535,0.510,0.540,0.520,+0.020,+3.85,810000,420350,
08042,20260909,高奥士人才集团,0.077,0.080,0.075,0.078,0.078,+0.000,+0.00,320000,24800,
08043,20260909,ATLINKS,,,,0.216,0.216,+0.000,+0.00,,,
08047,20260909,中国海洋发展,,,,0.025,0.025,+0.000,+0.00,,,
08049,20260909,吉林长龙药业,,,,2.305,2.305,+0.000,+0.00,,,
08050,20260909,城市酷选,0.785,0.785,0.770,0.770,0.785,-0.015,-1.91,24000,18750,
08051,20260909,讯智海,,,,2.860,2.880,-0.020,-0.69,,,
08052,20260909,陆庆娱乐,,,,0.041,0.041,+0.000,+0.00,,,
08056,20260909,生活概念,,,,0.168,0.168,+0.000,+0.00,,,
08057,20260909,麦迪森控股,,,,0.440,0.480,-0.040,-8.33,8000,3600,
08059,20260909,朝威控股,0.019,0.019,0.016,0.017,0.022,-0.005,-22.73,925000,15870,
08060,20260909,国联通信,,,,0.109,0.109,+0.000,+0.00,372,33,
08062,20260909,俊盟国际,0.243,0.247,0.230,0.246,0.260,-0.014,-5.38,335000,78890,
08065,20260909,高萌科技,0.138,0.138,0.135,0.137,0.140,-0.003,-2.14,180000,24650,
08066,20260909,品创控股,0.244,0.255,0.244,0.255,0.255,+0.000,+0.00,775000,190640,
08067,20260909,东方大学城控股,,,,0.400,0.400,+0.000,+0.00,,,
08069,20260909,飞道旅游科技,0.360,0.360,0.360,0.360,0.360,+0.000,+0.00,10000,3600,
08070,20260909,侨洋国际控股,0.950,0.950,0.950,0.950,0.995,-0.045,-4.52,10000,9500,
08071,20260909,中彩网通控股,,,,0.620,0.625,-0.005,-0.80,,,
08072,20260909,兰谷股份,,,,0.290,0.290,+0.000,+0.00,247,67,
08073,20260909,水发兴业新材料,0.280,0.280,0.280,0.280,0.270,+0.010,+3.70,12000,3360,
08076,20260909,新利软件,0.017,0.017,0.016,0.017,0.018,-0.001,-5.56,2330000,37585,
08079,20260909,曌生命,,,,0.565,0.565,+0.000,+0.00,129,65,
08080,20260909,北亚策略,0.385,0.385,0.385,0.380,0.365,+0.015,+4.11,23800,9011,
08081,20260909,白居易控股,0.014,0.015,0.013,0.015,0.014,+0.001,+7.14,2630000,36260,
08082,20260909,擎华控股,0.021,0.021,0.020,0.020,0.022,-0.002,-9.09,6020000,121330,
08087,20260909,中国三三集团,2.085,2.085,2.080,2.085,2.080,+0.005,+0.24,128010,266280,
08090,20260909,宝盖新材,,,,5.540,5.540,+0.000,+0.00,500,2770,
08091,20260909,奥传思维控股,0.046,0.046,0.046,0.046,0.044,+0.002,+4.55,10000,460,
08092,20260909,ITE HOLDINGS,0.039,0.039,0.039,0.039,0.039,+0.000,+0.00,188000,7332,
08093,20260909,瓦普思瑞元宇宙,1.670,1.670,1.670,1.670,1.750,-0.080,-4.57,18000,30060,
08095,20260909,北大青鸟环宇,0.610,0.610,0.570,0.595,0.610,-0.015,-2.46,309000,181195,
08096,20260909,赏之味,,,,0.114,0.114,+0.000,+0.00,,,
08098,20260909,昌利控股,0.069,0.075,0.069,0.075,0.070,+0.005,+7.14,390000,27530,
08100,20260909,名科国际,0.350,0.435,0.350,0.435,0.435,+0.000,+0.00,102000,40080,
08103,20260909,HMVOD视频,,,,0.119,0.119,+0.000,+0.00,,,
08106,20260909,芯化兰德,0.280,0.290,0.280,0.280,0.280,+0.000,+0.00,155000,43500,
08107,20260909,细叶榕科技,0.094,0.096,0.092,0.096,0.098,-0.002,-2.04,60000,5580,
08111,20260909,中国科技产业集团,,,,0.074,0.074,+0.000,+0.00,,,
08112,20260909,基石金融,,,,0.112,0.112,+0.000,+0.00,1280,135,
08113,20260909,时腾科技,0.480,0.500,0.480,0.500,0.485,+0.015,+3.09,240000,118475,
08115,20260909,清大东方,5.000,5.255,4.900,5.100,5.100,+0.000,+0.00,48000,240720,
08117,20260909,中国基础能源,0.041,0.042,0.041,0.042,0.041,+0.001,+2.44,91506,3823,
08118,20260909,中资国际控股,0.059,0.061,0.059,0.059,0.060,-0.001,-1.67,176000,10600,
08120,20260909,国农金融投资,1.880,2.240,1.880,2.085,1.970,+0.115,+5.84,15000,29600,
08121,20260909,国恩控股,0.420,0.420,0.420,0.420,0.420,+0.000,+0.00,20050,8420,
08123,20260909,华亿金控,0.240,0.243,0.240,0.240,0.240,+0.000,+0.00,315000,75715,
08125,20260909,荣记万通,0.620,0.620,0.620,0.620,0.620,+0.000,+0.00,16000,9920,
08128,20260909,中华节能,,,,0.019,0.019,+0.000,+0.00,,,
08130,20260909,大地国际集团,,,,0.010,0.010,+0.000,+0.00,,,
08131,20260909,诺亚智能,0.241,0.250,0.237,0.250,0.250,+0.000,+0.00,970000,238900,
08132,20260909,百能国际能源,0.066,0.066,0.065,0.066,0.070,-0.004,-5.71,1000000,65980,
08133,20260909,吉盛集团控股,0.265,0.265,0.260,0.265,0.300,-0.035,-11.67,112000,29640,
08136,20260909,英马斯集团,0.038,0.038,0.038,0.038,0.037,+0.001,+2.70,20000,760,
08137,20260909,洪桥集团,0.590,0.590,0.570,0.590,0.580,+0.010,+1.72,946000,550420,
08139,20260909,长安仁恒,,,,1.070,1.055,+0.015,+1.42,,,
08140,20260909,人和科技,0.129,0.129,0.129,0.128,0.128,+0.000,+0.00,30000,3870,
08143,20260909,金威医疗,,,,0.058,0.058,+0.000,+0.00,,,
08146,20260909,怡园酒业,,,,0.290,0.295,-0.005,-1.69,,,
08147,20260909,云晶数智,0.390,0.390,0.390,0.385,0.370,+0.015,+4.05,8000,3120,
08148,20260909,悟喜生活,,,,2.725,2.485,+0.240,+9.66,,,
08149,20260909,浩德控股,0.118,0.118,0.117,0.117,0.122,-0.005,-4.10,180000,21230,
08152,20260909,明梁控股,,,,0.080,0.080,+0.000,+0.00,,,
08153,20260909,嘉鼎国际集团,0.555,0.580,0.555,0.555,0.560,-0.005,-0.89,40012,22831,
08156,20260909,国药科技股份,,,,0.209,0.186,+0.023,+12.37,1400,113,
08158,20260909,中国再生医学,0.181,0.181,0.181,0.181,0.199,-0.018,-9.05,5250,944,
08159,20260909,新华联合投资,0.044,0.083,0.044,0.052,0.039,+0.013,+33.33,13990000,850190,
08160,20260909,金汇教育,,,,0.600,0.600,+0.000,+0.00,4800,2208,
08161,20260909,医汇集团,0.470,0.470,0.470,0.470,0.470,+0.000,+0.00,8000,3760,
08162,20260909,港银控股,0.560,0.595,0.560,0.580,0.585,-0.005,-0.85,9410000,5444300,
08163,20260909,声扬集团,0.036,0.038,0.035,0.036,0.039,-0.003,-7.69,1080000,38880,
08168,20260909,宝积资本,,,,0.063,0.063,+0.000,+0.00,,,
08169,20260909,环康集团,,,,0.032,0.032,+0.000,+0.00,,,
08172,20260909,拉近网娱,,,,0.190,0.190,+0.000,+0.00,,,
08173,20260909,客思控股,,,,0.121,0.121,+0.000,+0.00,209,21,
08176,20260909,超人智能,0.023,0.024,0.023,0.023,0.023,+0.000,+0.00,70088,1617,
08178,20260909,中国信息科技,0.219,0.228,0.198,0.200,0.199,+0.001,+0.50,1392400,299543,
08179,20260909,百利达集团控股,0.010,0.010,0.010,0.010,0.010,+0.000,+0.00,420000,4200,
08181,20260909,港深智能管理,,,,0.049,0.049,+0.000,+0.00,,,
08186,20260909,浩盟控股,1.060,1.160,1.060,1.130,1.060,+0.070,+6.60,85062,90689,
08187,20260909,积木集团,0.505,0.510,0.505,0.510,0.510,+0.000,+0.00,1375000,697975,
08188,20260909,骏杰集团控股,1.185,1.185,1.180,1.185,1.190,-0.005,-0.42,824000,976400,
08189,20260909,泰达生物,0.250,0.260,0.250,0.260,0.250,+0.010,+4.00,4205000,1086325,
08191,20260909,鸿伟亚洲,0.140,0.140,0.135,0.140,0.147,-0.007,-4.76,486000,66762,
08193,20260909,亚太金融投资,0.115,0.120,0.113,0.115,0.110,+0.005,+4.55,620000,72160,
08195,20260909,传承教育集团,0.940,0.940,0.830,0.840,0.945,-0.105,-11.11,2582928,2228227,
08196,20260909,福田股份,0.780,0.780,0.775,0.775,0.790,-0.015,-1.90,216000,168400,
08198,20260909,加幂科技,1.150,1.150,1.150,1.160,1.190,-0.030,-2.52,60000,69000,
08200,20260909,修身堂,0.820,0.820,0.820,0.820,0.825,-0.005,-0.61,95000,77810,
08201,20260909,宝联控股,,,,0.115,0.115,+0.000,+0.00,,,
08203,20260909,凯顺控股,,,,0.079,0.079,+0.000,+0.00,,,
08205,20260909,交大慧谷,0.320,0.320,0.320,0.320,0.320,+0.000,+0.00,4000,1280,
08206,20260909,神通机器人教育,,,,0.038,0.038,+0.000,+0.00,,,
08208,20260909,永通万国集团,0.118,0.133,0.118,0.133,0.118,+0.015,+12.71,264000,33318,
08210,20260909,衍汇亚洲,,,,0.051,0.050,+0.001,+2.00,,,
08213,20260909,荣晖控股,0.110,0.215,0.110,0.209,0.225,-0.016,-7.11,120000,20490,
08217,20260909,菊福堂生物,0.112,0.114,0.107,0.108,0.111,-0.003,-2.70,74375,8086,
08218,20260909,毅高国际控股,,,,0.130,0.130,+0.000,+0.00,,,
08219,20260909,恒伟集团控股,0.540,0.680,0.540,0.650,0.540,+0.110,+20.37,4686000,2971890,
08220,20260909,比高集团,4.740,4.820,4.680,4.740,4.750,-0.010,-0.21,89000,423215,
08221,20260909,高裕金融,1.990,1.990,1.990,1.990,1.825,+0.165,+9.04,25000,49775,
08222,20260909,壹照明,,,,0.065,0.065,+0.000,+0.00,,,
08223,20260909,紫元元,0.169,0.170,0.169,0.169,0.170,-0.001,-0.59,80000,13584,
08225,20260909,中国医疗集团,,,,0.080,0.080,+0.000,+0.00,,,
08226,20260909,树熊金融集团,0.103,0.108,0.103,0.108,0.103,+0.005,+4.85,65000,6770,
08227,20260909,海天天线,0.260,0.265,0.260,0.260,0.260,+0.000,+0.00,189000,49990,
08229,20260909,未来数据集团,0.785,0.845,0.785,0.845,0.810,+0.035,+4.32,515000,428425,
08232,20260909,一木集团,,,,0.830,0.830,+0.000,+0.00,,,
08237,20260909,华星控股,,,,0.695,0.680,+0.015,+2.21,,,
08238,20260909,玖方数智,0.119,0.119,0.105,0.109,0.115,-0.006,-5.22,1784000,203272,
08239,20260909,首都金融控股,20.820,22.500,20.780,21.740,21.100,+0.640,+3.03,88538,1873478,
08241,20260909,英记茶庄集团,0.168,0.168,0.168,0.168,0.168,+0.000,+0.00,80000,13380,
08245,20260909,烽翼集团,0.143,0.143,0.131,0.134,0.139,-0.005,-3.60,1120000,149640,
08246,20260909,中华燃气,0.655,0.700,0.645,0.695,0.700,-0.005,-0.71,55000,36275,
08247,20260909,中生北控生物科技,3.280,3.280,3.280,3.280,3.280,+0.000,+0.00,10000,32800,
08249,20260909,瑞远智控,,,,0.119,0.119,+0.000,+0.00,,,
08250,20260909,都都控股,,,,0.094,0.094,+0.000,+0.00,,,
08262,20260909,宏强控股,,,,0.048,0.048,+0.000,+0.00,,,
08267,20260909,蓝港互动,0.187,0.188,0.179,0.188,0.193,-0.005,-2.59,331000,61291,
08268,20260909,智城发展控股,,,,0.189,0.189,+0.000,+0.00,,,
08269,20260909,倍升教育科技,0.265,0.265,0.265,0.265,0.265,+0.000,+0.00,90000,23850,
08270,20260909,中国煤层气,,,,0.450,0.450,+0.000,+0.00,2437,1024,
08271,20260909,环球数码创意,0.073,0.073,0.072,0.072,0.078,-0.006,-7.69,242000,17454,
08275,20260909,中国新消费集团,0.100,0.105,0.099,0.104,0.099,+0.005,+5.05,12240000,1249660,
08277,20260909,骏东控股,,,,0.091,0.090,+0.001,+1.11,,,
08279,20260909,亚博科技控股,1.305,1.330,1.280,1.315,1.305,+0.010,+0.77,7340000,9625140,
08280,20260909,中国数字视频,0.058,0.059,0.053,0.059,0.059,+0.000,+0.00,304000,17624,
08281,20260909,中国金典集团,,,,0.275,0.280,-0.005,-1.79,,,
08282,20260909,智傲控股,,,,0.570,0.570,+0.000,+0.00,,,
08283,20260909,中食民安,0.131,0.133,0.126,0.132,0.140,-0.008,-5.71,1025000,134350,
08285,20260909,森浩集团,0.066,0.111,0.066,0.089,0.064,+0.025,+39.06,5420000,511965,
08286,20260909,长城微光,0.110,0.110,0.106,0.106,0.110,-0.004,-3.64,200000,21540,
08290,20260909,亚势备份,,,,0.030,0.030,+0.000,+0.00,,,
08291,20260909,港娱国际,0.217,0.217,0.212,0.212,0.216,-0.004,-1.85,70000,15130,
08292,20260909,VSING,,,,0.139,0.139,+0.000,+0.00,22000,3030,
08293,20260909,星亚控股,,,,0.101,0.100,+0.001,+1.00,,,
08295,20260909,金慧科技,,,,0.025,0.025,+0.000,+0.00,,,
08296,20260909,中国生命集团,0.150,0.150,0.150,0.150,0.150,+0.000,+0.00,4000,600,
08297,20260909,海纳星空科技,,,,0.039,0.039,+0.000,+0.00,,,
08299,20260909,大唐黄金,0.305,0.310,0.300,0.305,0.305,+0.000,+0.00,49533599,15030581,
08300,20260909,今米房集团,0.025,0.028,0.025,0.027,0.028,-0.001,-3.57,500000,12760,
08302,20260909,STOCK8302,,,,,,,,,,
08303,20260909,STOCK8303,,,,,,,,,,
08304,20260909,STOCK8304,,,,,,,,,,
08305,20260909,圣唐控股,0.061,0.061,0.057,0.061,0.064,-0.003,-4.69,8190000,487600,
08307,20260909,密迪斯肌,0.120,0.121,0.120,0.121,0.121,+0.000,+0.00,20000,2416,
08308,20260909,古兜控股,0.041,0.041,0.030,0.032,0.040,-0.008,-20.00,9440000,320380,
08309,20260909,万成环球控股,0.070,0.070,0.070,0.073,0.075,-0.002,-2.67,50000,3500,
08310,20260909,盐城港,,,,0.230,0.230,+0.000,+0.00,,,
08311,20260909,圆美光电,0.052,0.052,0.052,0.054,0.060,-0.006,-10.00,170000,8840,
08313,20260909,杰地集团,0.027,0.027,0.026,0.026,0.027,-0.001,-3.70,460000,12140,
08315,20260909,新都酒店,,,,0.058,0.058,+0.000,+0.00,,,
08316,20260909,中国红包,0.209,0.209,0.206,0.206,0.209,-0.003,-1.44,458000,94384,
08317,20260909,财华社集团,,,,0.084,0.084,+0.000,+0.00,,,
08319,20260909,思博系统,,,,0.105,0.105,+0.000,+0.00,,,
08320,20260909,沛然环保,0.085,0.087,0.085,0.086,0.090,-0.004,-4.44,500000,42940,
08321,20260909,泰锦控股,1.750,1.750,1.750,1.750,1.750,+0.000,+0.00,10000,17500,
08326,20260909,同景新能源,0.135,0.250,0.135,0.162,0.164,-0.002,-1.22,500000,95300,
08328,20260909,信义储电,,,,0.450,0.450,+0.000,+0.00,,,
08329,20260909,海王英特龙,,,,0.101,0.100,+0.001,+1.00,,,
08331,20260909,倍搏集团,,,,0.231,0.232,-0.001,-0.43,,,
08333,20260909,阿仕特朗金融,,,,0.640,0.640,+0.000,+0.00,1500,810,
08337,20260909,直通电讯,,,,0.125,0.125,+0.000,+0.00,,,
08340,20260909,紫荆国际金融,0.800,0.800,0.765,0.765,0.800,-0.035,-4.38,10000,7825,
08341,20260909,艾硕控股,0.145,0.145,0.140,0.140,0.145,-0.005,-3.45,15000,2135,
08347,20260909,F8企业,0.107,0.116,0.107,0.112,0.119,-0.007,-5.88,1184000,132008,
08348,20260909,滨海泰达物流,,,,0.300,0.300,+0.000,+0.00,,,
08349,20260909,硅鑫集团,,,,1.290,1.290,+0.000,+0.00,,,
08350,20260909,立桥证券控股,0.395,0.395,0.380,0.395,0.400,-0.005,-1.25,176000,68200,
08356,20260909,进业控股,0.305,0.305,0.305,0.305,0.305,+0.000,+0.00,6000,1830,
08357,20260909,REPUBLIC HC,,,,0.101,0.101,+0.000,+0.00,,,
08360,20260909,简朴新生活,0.310,0.310,0.280,0.290,0.315,-0.025,-7.94,378000,107490,
08362,20260909,运兴泰集团,,,,0.053,0.053,+0.000,+0.00,20000,1060,
08365,20260909,亦辰集团,0.750,0.785,0.730,0.780,0.795,-0.015,-1.89,1360000,1048550,
08366,20260909,浙江联合投资,0.023,0.023,0.023,0.023,0.022,+0.001,+4.55,230000,5290,
08367,20260909,倩碧控股,,,,0.194,0.194,+0.000,+0.00,2000,360,
08368,20260909,中国创意控股,0.245,0.260,0.245,0.260,0.250,+0.010,+4.00,940000,237350,
08370,20260909,智昇集团控股,6.905,6.910,6.800,6.890,6.810,+0.080,+1.17,24000,164952,
08371,20260909,尝高美集团,1.960,2.000,1.960,1.960,1.970,-0.010,-0.51,244000,479740,
08372,20260909,君百延集团,,,,0.154,0.154,+0.000,+0.00,,,
08373,20260909,靛蓝星,,,,0.895,0.890,+0.005,+0.56,,,
08375,20260909,数盟资本,0.900,0.900,0.900,0.900,0.900,+0.000,+0.00,20000,18000,
08377,20260909,维港育马,,,,0.135,0.135,+0.000,+0.00,,,
08379,20260909,盈证国际,,,,0.099,0.099,+0.000,+0.00,,,
08385,20260909,万里印刷,0.095,0.120,0.095,0.106,0.097,+0.009,+9.28,4290000,419750,
08391,20260909,基石科技控股,0.295,0.310,0.290,0.305,0.305,+0.000,+0.00,2352000,704420,
08392,20260909,舍图控股,0.040,0.041,0.040,0.041,0.042,-0.001,-2.38,90000,3630,
08395,20260909,中显智能齐家控股,1.700,1.850,1.690,1.750,1.860,-0.110,-5.91,3680000,6470700,
08400,20260909,亚洲先锋娱乐,,,,0.075,0.074,+0.001,+1.35,,,
08401,20260909,华夏水务集团,0.034,0.034,0.034,0.034,0.034,+0.000,+0.00,300000,10200,
08402,20260909,高原之宝,0.099,0.099,0.099,0.099,0.099,+0.000,+0.00,5000,495,
08403,20260909,德丰宿来,2.920,2.920,2.900,2.900,2.905,-0.005,-0.17,32000,92900,
08406,20260909,中国口腔产业,0.087,0.087,0.086,0.086,0.087,-0.001,-1.15,600000,51900,
08411,20260909,K W NELSON GP,0.109,0.109,0.109,0.109,0.109,+0.000,+0.00,400000,43600,
08412,20260909,新爱德集团,,,,0.270,0.270,+0.000,+0.00,,,
08413,20260909,亚洲富思,,,,0.066,0.066,+0.000,+0.00,,,
08416,20260909,HM INTL HLDGS,0.123,0.128,0.123,0.127,0.123,+0.004,+3.25,250000,30940,
08417,20260909,大地教育,,,,0.021,0.020,+0.001,+5.00,,,
08418,20260909,傲迪玛汽车,0.510,0.540,0.510,0.520,0.540,-0.020,-3.70,62000,32270,
08419,20260909,AV策划推广,,,,0.072,0.072,+0.000,+0.00,,,
08420,20260909,NEXION TECH,0.028,0.029,0.028,0.028,0.028,+0.000,+0.00,355000,10040,
08422,20260909,WT集团,,,,0.099,0.099,+0.000,+0.00,,,
08423,20260909,CHI HO DEV,0.039,0.058,0.039,0.048,0.037,+0.011,+29.73,1770000,85810,
08425,20260909,兴铭控股,,,,0.103,0.103,+0.000,+0.00,,,
08426,20260909,雅居投资控股,,,,0.239,0.239,+0.000,+0.00,,,
08427,20260909,万顺瑞强集团,3.600,3.600,3.600,3.600,3.610,-0.010,-0.28,800,2880,
08428,20260909,汉诺佳池,,,,0.680,0.680,+0.000,+0.00,,,
08429,20260909,华美乐乐,0.051,0.051,0.051,0.051,0.048,+0.003,+6.25,45000,2415,
08430,20260909,春能控股,0.075,0.075,0.075,0.075,0.078,-0.003,-3.85,20000,1500,
08431,20260909,浩柏国际,1.320,1.350,1.280,1.345,1.310,+0.035,+2.67,1510000,1967500,
08432,20260909,太平洋酒吧,0.039,0.040,0.038,0.040,0.040,+0.000,+0.00,360000,13250,
08436,20260909,德宝集团控股,0.335,0.340,0.325,0.340,0.335,+0.005,+1.49,55000,18075,
08437,20260909,德斯控股,,,,0.250,0.250,+0.000,+0.00,,,
08439,20260909,新百利融资,1.070,1.070,1.050,1.050,1.075,-0.025,-2.33,30000,32130,
08445,20260909,怡康泰工程集团,0.215,0.215,0.215,0.215,0.200,+0.015,+7.50,20000,4300,
08446,20260909,耀星科技集团,0.530,0.530,0.500,0.520,0.530,-0.010,-1.89,242000,123730,
08447,20260909,MS CONCEPT,0.063,0.065,0.061,0.061,0.058,+0.003,+5.17,180000,11340,
08448,20260909,环球印馆,1.450,1.450,1.450,1.450,1.510,-0.060,-3.97,40000,58000,
08450,20260909,钜京控股,0.800,0.850,0.775,0.835,0.800,+0.035,+4.38,1230000,995850,
08451,20260909,日光控股,,,,0.080,0.080,+0.000,+0.00,,,
08452,20260909,富银融资股份,,,,0.212,0.212,+0.000,+0.00,,,
08455,20260909,礼建德集团,0.025,0.030,0.025,0.029,0.025,+0.004,+16.00,12030000,329540,
08456,20260909,民信国际控股,,,,0.365,0.365,+0.000,+0.00,,,
08460,20260909,基地锦标集团,0.415,0.415,0.395,0.395,0.395,+0.000,+0.00,85000,33675,
08462,20260909,中安控股集团,0.075,0.075,0.075,0.075,0.075,+0.000,+0.00,50000,3750,
08471,20260909,新达控股,0.350,0.370,0.350,0.360,0.350,+0.010,+2.86,267000,93820,
08472,20260909,立高控股,0.245,0.245,0.221,0.225,0.245,-0.020,-8.16,24000,5362,
08473,20260909,弥明生活百货,0.100,0.100,0.100,0.101,0.100,+0.001,+1.00,10000,1000,
08475,20260909,易站绿色科技,,,,0.069,0.069,+0.000,+0.00,,,
08480,20260909,飞霓控股,0.142,0.146,0.136,0.146,0.141,+0.005,+3.55,676000,97240,
08481,20260909,盛龙锦秀国际,0.275,0.280,0.248,0.270,0.270,+0.000,+0.00,100000,27190,
08482,20260909,万励达,,,,0.110,0.110,+0.000,+0.00,,,
08483,20260909,名仕快相,0.197,0.197,0.183,0.183,0.182,+0.001,+0.55,1280000,244184,
08487,20260909,ISP GLOBAL,0.066,0.080,0.050,0.070,0.068,+0.002,+2.94,4708000,284948,
08489,20260909,裕程物流,0.225,0.238,0.225,0.236,0.218,+0.018,+8.26,415000,96550,
08490,20260909,骏码半导体,0.110,0.110,0.109,0.109,0.113,-0.004,-3.54,110000,12070,
08491,20260909,COOL LINK,0.199,0.199,0.182,0.189,0.199,-0.010,-5.03,200000,38020,
08493,20260909,炙龙控股,,,,0.035,0.035,+0.000,+0.00,,,
08495,20260909,1957 & CO.,,,,0.220,0.220,+0.000,+0.00,,,
08496,20260909,环球友饮智能,,,,0.041,0.041,+0.000,+0.00,,,
08500,20260909,天泓文创,,,,0.091,0.091,+0.000,+0.00,,,
08501,20260909,庄皇集团公司,,,,0.805,0.805,+0.000,+0.00,,,
08502,20260909,远航港口,,,,0.340,0.340,+0.000,+0.00,,,
08507,20260909,爱世纪集团,0.725,0.725,0.630,0.670,0.725,-0.055,-7.59,4668000,3124640,
08509,20260909,威扬酒业控股,0.530,0.530,0.480,0.485,0.525,-0.040,-7.62,100000,50020,
08510,20260909,TOPSTANDARDCORP,0.220,0.240,0.190,0.219,0.300,-0.081,-27.00,346400,77092,
08511,20260909,民富国际,,,,0.610,0.610,+0.000,+0.00,,,
08512,20260909,凯富善集团控股,0.365,0.365,0.355,0.365,0.370,-0.005,-1.35,180000,64900,
08513,20260909,加和国际控股,,,,0.365,0.365,+0.000,+0.00,,,
08516,20260909,中盈国际,,,,1.680,1.680,+0.000,+0.00,,,
08519,20260909,新享时代,0.226,0.234,0.226,0.234,0.197,+0.037,+18.78,40000,9200,
08521,20260909,智云国际控股,0.630,0.660,0.630,0.660,0.630,+0.030,+4.76,110000,69450,
08525,20260909,百应控股,,,,0.850,0.850,+0.000,+0.00,,,
08526,20260909,荣丰集团亚洲,,,,0.285,0.285,+0.000,+0.00,,,
08527,20260909,聚利宝控股,0.187,0.199,0.183,0.197,0.190,+0.007,+3.68,870000,161405,
08529,20260909,优博控股,0.340,0.345,0.320,0.320,0.340,-0.020,-5.88,305000,100950,
08532,20260909,宝发控股,,,,0.067,0.068,-0.001,-1.47,,,
08535,20260909,荧德控股,,,,0.132,0.132,+0.000,+0.00,,,
08536,20260909,TL NATURAL GAS,0.233,0.234,0.233,0.234,0.233,+0.001,+0.43,95000,22210,
08537,20260909,创辉珠宝,,,,0.206,0.203,+0.003,+1.48,60000,12180,
08540,20260909,胜利证券,4.380,4.395,4.370,4.385,4.380,+0.005,+0.11,264000,1157580,
08545,20260909,佰悦集团,0.033,0.033,0.033,0.036,0.036,+0.000,+0.00,328000,11232,
08547,20260909,PACIFIC LEGEND,0.073,0.081,0.073,0.081,0.073,+0.008,+10.96,28510000,2171790,
08549,20260909,金叶国际集团,0.196,0.196,0.195,0.197,0.203,-0.006,-2.96,245000,47960,
08577,20260909,BRIGHTSTAR-OLD,,,,1.230,1.230,+0.000,+0.00,,,
08580,20260909,吉辉控股股权,0.021,0.021,0.016,0.020,0.025,-0.005,-20.00,1855600,34828,
08601,20260909,宝燵控股,0.241,0.241,0.241,0.241,0.241,+0.000,+0.00,20000,4820,
08606,20260909,倢冠控股,,,,0.058,0.058,+0.000,+0.00,,,
08610,20260909,BBSB INTL,0.580,0.580,0.555,0.555,0.600,-0.045,-7.50,236000,132440,
08611,20260909,九福来,0.820,0.845,0.790,0.820,0.820,+0.000,+0.00,4515000,3709425,
08612,20260909,维亮控股,0.078,0.078,0.078,0.078,0.078,+0.000,+0.00,40000,3120,
08613,20260909,东方支付集团控股,,,,0.032,0.032,+0.000,+0.00,,,
08616,20260909,新威工程集团,0.087,0.090,0.083,0.089,0.087,+0.002,+2.30,1510000,134180,
08619,20260909,NIU HOLDINGS,0.075,0.077,0.075,0.077,0.075,+0.002,+2.67,80000,6080,
08620,20260909,亚洲速运,0.150,0.161,0.150,0.155,0.159,-0.004,-2.52,1790000,280005,
08621,20260909,METROPOLIS CAP,,,,0.035,0.035,+0.000,+0.00,120000,4200,
08622,20260909,愉悦集团,,,,0.168,0.162,+0.006,+3.70,,,
08623,20260909,中国蜀塔,,,,0.110,0.110,+0.000,+0.00,,,
08627,20260909,旅橙文化,0.064,0.064,0.061,0.063,0.064,-0.001,-1.56,248000,15440,
08629,20260909,集信国控,,,,9.000,9.000,+0.000,+0.00,,,
08631,20260909,申港控股,,,,0.430,0.430,+0.000,+0.00,,,
08635,20260909,大象控股集团,0.295,0.320,0.295,0.320,0.315,+0.005,+1.59,292000,91020,
08637,20260909,元续科技,3.620,3.710,3.620,3.650,3.610,+0.040,+1.11,589000,2164770,
08645,20260909,比特元宇宙,0.275,0.275,0.250,0.250,0.310,-0.060,-19.35,66000,17850,
08646,20260909,中国宏光,0.280,0.290,0.260,0.270,0.275,-0.005,-1.82,2811000,770880,
08657,20260909,TRUE PARTNER,,,,0.290,0.290,+0.000,+0.00,,,
08659,20260909,易和国际控股,0.113,0.114,0.110,0.119,0.114,+0.005,+4.39,185000,20780,
08668,20260909,瀛海集团,,,,0.120,0.121,-0.001,-0.83,,,
